K5acK8me2,SGRGKGGKGLGK,58313.11719,0,False
K5acK8acK12me2K16me,SGRGKGGKGLGKGGAKR,1359409.625,0,False
S1pK5me2K8meK12acK16me,SGRGKGGKGLGKGGAKR,1650731.75,0,False
K5me3K8ac,SGRGKGGKGLGK,158856.79688,0,False
K5acK8me2K12acK16me,SGRGKGGKGLGKGGAKR,730868.1875,0,False
S1pK5meK8meK12me2K16me,SGRGKGGKGLGKGGAKR,343537.25,0,False
S1pK12acK16me2,SGRGKGGKGLGKGGAKR,1272910.5,0,False
S1pK5me2K8me3K12acK16me,SGRGKGGKGLGKGGAKR,251994.73438,0,False
S1pK5meK8me2K12me2K16me3,SGRGKGGKGLGKGGAKR,6224540.0,0,False
K9meS10p,ARTKQTARKSTGGKAP,754553.9375,0,False
S1pK5acK8acK12me3,SGRGKGGKGLGKGGAKR,209392.89063,0,False
K5acK8ac,SGRGKGGKGLGK,413584.34376,0,False
K5acK12ac,SGRGKGGKGLGK,2220767.0,0,False
K5meK8ac,SGRGKGGKGLGK,963480.0625,0,False
K5meK12ac,SGRGKGGKGLGK,505301.53125,0,False
S1pK5meK8me3K12acK16me2,SGRGKGGKGLGKGGAKR,654630.5,0,False
K5meK8me3K12me2,SGRGKGGKGLGK,1945270.875,0,False
K5me3K8me2,SGRGKGGKGLGKGGAKR,509465.90625,0,False
K8me3K12me3,SGRGKGGKGLGK,75020.875,0,False
S1pK5acK12ac,SGRGKGGKGLGKGGAKR,11885955.0,0,False
S1pK5acK16ac,SGRGKGGKGLGKGGAKR,514879.21875,0,False
K4me3K9acK14acK18ac,ARTKQTARKSTGGKAPRKQLATKAAR,220305.0,0,False
K7acK8me2,PATGGVKKPHRYRPGTVALRE,180183.6875,0,False
S1pK5acK8meK12ac,SGRGKGGKGLGKGGAKR,736212.0625,0,False
K5me2K8ac,SGRGKGGKGLGK,1499501.0,0,False
K5me2K8me3,SGRGKGGKGLGK,749146.625,0,False
K8me3,SGRGKGGKGLGK,709014.6875,0,False
K7me,PATGGVKKPHRYRPGTVALRE,273055.90625,0,False
K7ac,PATGGVKKPHRYRPGTVALRE,714803996.53126,0,False
S10pK14acK18me3,ARTKQTARKSTGGKAPRKQ,163603.51563,0,False
K5me3K8me3,SGRGKGGKGLGK,547075.0625,0,False
K5me3K8me2K12me,SGRGKGGKGLGK,501921.6875,0,False
K4meS10pK18me3K23me3,ARTKQTARKSTGGKAPRKQLATKAAR,417157.3125,0,False
K7acK8me,PATGGVKKPHRYRPGTVALRE,2682884.74219,0,False
K3acK12me3,ARKSAPATGGVKKPHRYRPGTVALRE,4497343.5,0,False
K3meK12me3K13me2,ARKSAPATGGVKKPHRYRPGTVALRE,4292182.5,0,False
K3acK12ac,ARKSAPATGGVKKPHRYRPGTVALRE,788693.4375,0,False
S1pK12me,SGRGKGGKGLGKGGAKR,417298.65625,0,False
K4acK14acK18acK23me2K27me2,ARTKQTARKSTGGKAPRKQLATKAARKSAPAT,4376107.0,0,False
S1pK5meK8acK12acK16me2,SGRGKGGKGLGKGGAKR,575900.8125,0,False
S1pK5acK8acK12ac,SGRGKGGKGLGKGGAKR,1289719.4375,0,False
K9acK14acK18ac,ARTKQTARKSTGGKAPRKQLATKAARKSA,718986.25,0,False
K5me3K8meK12meK16ac,SGRGKGGKGLGKGGAKR,14841543.0,0,False
K4acS10p,ARTKQTARKSTGGKAPRKQ,379200.78125,0,False
K1acS2pK10ac,KSAPATGGVKKPHRYRPGTVALRE,976762.6875,0,False
K4me3K9meS10p,ARTKQTARKSTGGKAPRKQ,470808.59375,0,False
K3meK12me3K13ac,ARKSAPATGGVKKPHRYRPGTVALRE,10613302.0,0,False
K3me2K12acK13me2,ARKSAPATGGVKKPHRYRPGTVALRE,19966480.125,0,False
S10pK18me2K23me,ARTKQTARKSTGGKAPRKQLATKAAR,15554148.0,0,False
K5acK8meK12meK16ac,SGRGKGGKGLGKGGAKR,597988.8125,0,False
K4meK14me3K18ac,ARTKQTARKSTGGKAPRKQLATKAARKSAPAT,81070.15625,0,False
K9me2,ARTKQTARK,1097777.75,0,False
K3me3K12me3K13me3,ARKSAPATGGVKKPHRYRPGTVALRE,1942385.25,0,False
K3me3K12acK13ac,ARKSAPATGGVKKPHRYRPGTVALRE,563426.375,0,False
K4me3K9meS10pK23me2,ARTKQTARKSTGGKAPRKQLATKAAR,236644.85938,0,False
K9acS10pK23me3,ARTKQTARKSTGGKAPRKQLATKAAR,261381.625,0,False
S10pK23me2S28p,ARTKQTARKSTGGKAPRKQLATKAARKSAPAT,3692796.5,0,False
K9me2S10pK18acK23me,ARTKQTARKSTGGKAPRKQLATKAAR,144582.73438,0,False
K4me2S10pK23ac,ARTKQTARKSTGGKAPRKQLATKAAR,369183.78125,0,False
Unmodified,PATGGVKKPHRYRPGTVALRE,34154613.0,0,False
K4acK8ac,LATKAARKSAPATGGVKKPHRYRPGTVALRE,2888744.22656,0,False
K4meK9acK14meK18acK23me,ARTKQTARKSTGGKAPRKQLATKAAR,224294.42188,0,False
K7me3K8me2,PATGGVKKPHRYRPGTVALRE,1524115.25,0,False
S10pK23acK27ac,ARTKQTARKSTGGKAPRKQLATKAARKSAPAT,3840716.75,0,False
S1pK8acK12acK16ac,SGRGKGGKGLGKGGAKR,1324841.07617,0,False
S1pK5acK8acK16ac,SGRGKGGKGLGKGGAKR,31372.83203,0,False
K4acK8acS9pK17me2,LATKAARKSAPATGGVKKPHRYRPGTVALRE,486201.65625,0,False
S1pK12me2,SGRGKGGKGLGKGGAKR,1181071.875,0,False
K4ac,LATKAARKSAPATGGVKKPHRYRPGTVALRE,19832300.0,0,False
K4meS10pK14me2K18ac,ARTKQTARKSTGGKAPRKQLATKAARKSAPAT,17164533.6875,0,False
K4meK9meS10pK14meK18ac,ARTKQTARKSTGGKAPRKQLATKAARKSAPAT,1261119.375,0,False
K4meS10pK14me2K27ac,ARTKQTARKSTGGKAPRKQLATKAARKSAPAT,1111991.375,0,False
K4meK9me2S10pK14meK23me,ARTKQTARKSTGGKAPRKQLATKAAR,7542441.0,0,False
K4me2K9acS10pK14me2K23ac,ARTKQTARKSTGGKAPRKQLATKA,2053915.125,0,False
S1pK5ac,SGRGKGGKGLGKGGAKR,86126.67188,0,False
K5acK8acK12meK16ac,SGRGKGGKGLGKGGAKR,1476388.375,0,False
K3meK12ac,ARKSAPATGGVKKPHRYRPGTVALRE,16226300.5,0,False
K3meK13ac,ARKSAPATGGVKKPHRYRPGTVALRE,12270026.0,0,False
K3me2K12me2,ARKSAPATGGVKKPHRYRPGTVALRE,7806558.5,0,False
K4acK9acS10pK14me2K23me2,ARTKQTARKSTGGKAPRKQLATKA,5015386.0,0,False
K4acK9acK14meK18ac,ARTKQTARKSTGGKAPRKQLATKAARKSAPAT,172196.70313,0,False
K4me2K9meS10pK14acK18me3,ARTKQTARKSTGGKAPRKQLATKA,1692868.25,0,False
K4me2,ARTKQTARKSTGGKAP,413916.5625,0,False
K9me2S10pK23me,ARTKQTARKSTGGKAPRKQLATKAAR,14573483.0,0,False
K4me3K9me2S10pK14me2,ARTKQTARKSTGGKAPRKQLATKAAR,37703176.0,0,False
K4me3K9meS10pK14ac,ARTKQTARKSTGGKAPRKQLATKAAR,50288600.0,0,False
K4me2K9me2S10pK23me2,ARTKQTARKSTGGKAPRKQLATKA,991929.625,0,False
K3me3K12acK13me2,ARKSAPATGGVKKPHRYRPGTVALRE,40344868.0,0,False
K3acK12acK13me2,ARKSAPATGGVKKPHRYRPGTVALRE,10935818.75,0,False
K3acK12me3K13me2,ARKSAPATGGVKKPHRYRPGTVALRE,2537034.25,0,False
K8meK16ac,SGRGKGGKGLGKGGAKR,363129.4375,0,False
K1acK10me3K11ac,KSAPATGGVKKPHRYRPGTVALRE,41048416.25,0,False
K1acK10acK11ac,KSAPATGGVKKPHRYRPGTVALRE,17551518.0,0,False
K1me3K10me2K11me,KSAPATGGVKKPHRYRPGTVALRE,83011752.0,0,False
K8meK12ac,SGRGKGGKGLGKGGAKR,1832222.25,0,False
S2pK10me2,KSAPATGGVKKPHRYRPGTVALRE,382387.5,0,False
K4me2K9me2S10pK14me2K18acK23ac,ARTKQTARKSTGGKAPRKQLATKA,267861.65625,0,False
K4meS10pK23ac,ARTKQTARKSTGGKAPRKQLATKAAR,2420184.75,0,False
K3me2,ARKSAPATGGVKKPHRYRPGTVALRE,3688930.25,0,False
K5me2K8acK12ac,SGRGKGGKGLGKGGAKR,54424.87109,0,False
K5ac,SGRGKGGKGLGK,131147.26563,0,False
K4me3K9meS10pK14me2K23ac,ARTKQTARKSTGGKAPRKQLATKA,889981.75,0,False
K8me3K12meK16me,SGRGKGGKGLGKGGAKRH,289857.375,0,False
K9acS10pK18acK23ac,ARTKQTARKSTGGKAPRKQLATKA,294472.125,0,False
Unmodified,SGRGKGGKGLGKGGAKRH,4483869.1875,0,False
K3meK12acK13me,ARKSAPATGGVKKPHRYRPGTVALRE,7274197.875,0,False
K8me2K12me3,SGRGKGGKGLGKGGAKRH,965408.5625,0,False
K4meK9meS10pK14me2K18meK23me3,ARTKQTARKSTGGKAPRKQLATKAARKSA,742987.5,0,False
K4meS10pK14meK23me3,ARTKQTARKSTGGKAPRKQLATKAARKSA,3648521.625,0,False
S1pK5meK16ac,SGRGKGGKGLGKGGAKR,2406471.75,0,False
K4meK9meS10pK14meK27ac,ARTKQTARKSTGGKAPRKQLATKAARKSAPAT,5728217.5,0,False
S1pK5me2K8meK12me,SGRGKGGKGLGKGGAKR,1361535.25,0,False
K5acK8me2K12acK16ac,SGRGKGGKGLGKGGAKR,514594.21875,0,False
K3ac,ARKSAPATGGVKKPHRYRPGTVALRE,1494604.5,0,False
K3me3,ARKSAPATGGVKKPHRYRPGTVALRE,9081898.375,0,False
K4ac,ARTKQTARKSTGGKAP,881056.6875,0,False
K4me3,ARTKQTARKSTGGKAP,427291.25,0,False
K4acK8me3K17acK18me,LATKAARKSAPATGGVKKPHRYRPGTVALRE,1026268.5625,0,False
K4acK8acK17acK18me,LATKAARKSAPATGGVKKPHRYRPGTVALRE,566744.25,0,False
K4me3,LATKAARKSAPATGGVKKPHRYRPGTVALRE,37660251.0,0,False
K4meS10pK18meK27me3,ARTKQTARKSTGGKAPRKQLATKAARKSA,4294443.5,0,False
K9me2S10pK14meK18acK27me2,ARTKQTARKSTGGKAPRKQLATKAARKSA,71986592.0,0,False
K4me2K9me2S10pK18ac,ARTKQTARKSTGGKAPRKQLATKAARKSAPAT,1352071.125,0,False
S1pK5me2K8acK12meK16ac,SGRGKGGKGLGKGGAKR,625099.5625,0,False
S1pK5me2K8acK12acK16me,SGRGKGGKGLGKGGAKR,436392.59375,0,False
K4me2K9me2S10pK18acK23me,ARTKQTARKSTGGKAPRKQLATKAARKSA,78116768.0,0,False
K4me3K9acS10pK27me2,ARTKQTARKSTGGKAPRKQLATKAARKSA,53781916.0,0,False
K4meK9acK14me3K18me2,ARTKQTARKSTGGKAPRKQLATKAARKSAPATG,441960.3125,0,False
K4me2S10pK27me2,ARTKQTARKSTGGKAPRKQLATKAARKSA,2365700.25,0,False
K4acK9meS10pK23me2K27me2,ARTKQTARKSTGGKAPRKQLATKAARKSA,65902068.0,0,False
K9meS10pK14acK18acK23ac,ARTKQTARKSTGGKAPRKQLATKAARKSA,643634.4375,0,False
K5me,SGRGKGGKGLGKGGAKRH,1551267.625,0,False
S1pK5me3K8meK12me,SGRGKGGKGLGKGGAKR,478244.8125,0,False
S10pK18ac,ARTKQTARKSTGGKAPRKQLATKAARKSAPAT,3632640.0,0,False
K7meK20meS23p,NIQGITKPAIRRLARRGGVKRISGLIYE,4251891.5,0,False
K8ac,SGRGKGGKGLGKGGAKR,1081206.46875,0,False
S10pK27me3,ARTKQTARKSTGGKAPRKQLATKAARKSAPAT,333945.1875,0,False
K4me3K23me3K27ac,ARTKQTARKSTGGKAPRKQLATKAARKSA,563688.8125,0,False
K5me2K8me,SGRGKGGKGLGKGGAKRH,372672.96875,0,False
S1pK8me,SGRGKGGKGLGKGGAKR,2594695.46875,0,False
K4meK9me2K14me3,ARTKQTARKSTGGKAP,323394.03125,0,False
K5me3K8me2K12me3K16ac,SGRGKGGKGLGKGGAKR,1293043.03125,0,False
K5me3K8me3K12me2K16ac,SGRGKGGKGLGKGGAKR,396750.9375,0,False
K5me2,SGRGKGGKGLGKGGAKR,542116.8125,0,False
K9me2S10pK14acK18me,ARTKQTARKSTGGKAPRKQLATKAAR,1041082.9375,0,False
K4me2K8me3K17me3K18me2,LATKAARKSAPATGGVKKPHRYRPGTVALRE,186898.32813,0,False
K4meK18acK23acK27ac,ARTKQTARKSTGGKAPRKQLATKAARKSA,31741.45313,0,False
S1pK5acK8me,SGRGKGGKGLGKGGAKR,28660.5332,0,False
K4meK14me,ARTKQTARKSTGGKAPRKQLATKAARKSAPATGGVKKPHRYRPGTVALRE,964400.78125,0,False
K9meK14me,ARTKQTARKSTGGKAPRKQLATKAARKSAPATGGVKKPHRYRPGTVALRE,853926.1875,0,False
K4me3K9me3K14acK27meK36me,ARTKQTARKSTGGKAPRKQLATKAARKSAPATGGVKKPHRYRPGTVALR,930469.6875,0,False
K4me2,ARTKQTARKSTGGKAPRKQLATKAARKSAPATGGVKKPHRYRPGTVALRE,1287632.34375,0,False
K9me2,ARTKQTARKSTGGKAPRKQLATKAARKSAPATGGVKKPHRYRPGTVALRE,127694.875,0,False
K14me2,ARTKQTARKSTGGKAPRKQLATKAARKSAPATGGVKKPHRYRPGTVALRE,1070030.60938,0,False
K4acK14me3K18me3K23me,ARTKQTARKSTGGKAPRKQLATKAARKSAPATGGVKKPHRYRPGTVALR,371114.46875,0,False
K4acS10pK27me,ARTKQTARKSTGGKAPRKQLATKAARKSAPATGGVKKPHRYRPGTVALR,66738.09375,0,False
K4acS10pK36me,ARTKQTARKSTGGKAPRKQLATKAARKSAPATGGVKKPHRYRPGTVALR,61378.01953,0,False
K4me2K9me3K14me,ARTKQTARKSTGGKAP,407771.03125,0,False
K4meS10pK23ac,ARTKQTARKSTGGKAPRKQLATKAARKSAPATGGVKKPHRYRPGTVALR,36922.58594,0,False
K3acK12me2K13ac,ARKSAPATGGVKKPHRYRPGTVALRE,19297531.0,0,False
K4meS10pK36ac,ARTKQTARKSTGGKAPRKQLATKAARKSAPATGGVKKPHRYRPGTVALR,22804.06641,0,False
K3me2K12ac,ARKSAPATGGVKKPHRYRPGTVALRE,9925799.75,0,False
K4me3K9acK14me3K18meK36me,ARTKQTARKSTGGKAPRKQLATKAARKSAPATGGVKKPHRYRPGTVALR,163183.48438,0,False
K4me2S10p,ARTKQTARKSTGGKAPRKQLATKAARKSAPATGGVKKPHRYRPGTVALR,187743.84375,0,False
K9acS10pK14me2K23me,ARTKQTARKSTGGKAPRKQLATKAAR,340978.125,0,False
K5acK12me3,SGRGKGGKGLGK,910445.5,0,False
K3acK12me2K13me2,ARKSAPATGGVKKPHRYRPGTVALRE,5342095.5,0,False
K4me2K9me2S10pK23ac,ARTKQTARKSTGGKAPRKQLATKAAR,907679.9375,0,False
K4me3K9meS10pK23ac,ARTKQTARKSTGGKAPRKQLATKAAR,1059172.75,0,False
K4me2S10pK14me2K23ac,ARTKQTARKSTGGKAPRKQLATKAAR,927653.3125,0,False
K9meS10pK14me2K23ac,ARTKQTARKSTGGKAPRKQLATKAAR,729789.1875,0,False
S10pK14meK18me2K23ac,ARTKQTARKSTGGKAPRKQLATKAAR,1577291.375,0,False
K4me2K9me2S10pK14me3,ARTKQTARKSTGGKAPRKQLATKAAR,919501.6875,0,False
K4me3K9meS10pK14me2K18me,ARTKQTARKSTGGKAPRKQLATKAAR,919641.25,0,False
K9me2S10pK14acK23me,ARTKQTARKSTGGKAPRKQLATKAAR,601135.9375,0,False
K4me2K9me3K14ac,ARTKQTARKSTGGKAP,1083015.125,0,False
K4meS10pK18me2K23ac,ARTKQTARKSTGGKAPRKQLATKAAR,547689.5,0,False
K4me3K9me3K14me2,ARTKQTARKSTGGKAP,702784.5625,0,False
K4acK8acK17me2K18me2,LATKAARKSAPATGGVKKPHRYRPGTVALRE,1720979.0,0,False
K4me3K9acK14acK18acK27me,ARTKQTARKSTGGKAPRKQLATKAARKSAPATGGVKKPHRYRPGTVALR,43297.61328,0,False
K4me2K9me3K14me2,ARTKQTARKSTGGKAP,395323.34375,0,False
K4me3K8me3S9p,LATKAARKSAPATGGVKKPHRYRPGTVALRE,160845.9375,0,False
K4acK8acS9p,LATKAARKSAPATGGVKKPHRYRPGTVALRE,57950.95703,0,False
K4me3K8acS9p,LATKAARKSAPATGGVKKPHRYRPGTVALRE,189413.0625,0,False
K4me2K9me2S10p,ARTKQTARKSTGGKAPRKQLATKAAR,798572.0625,0,False
K4me3K9me,ARTKQTARKSTGGKAPRKQLATKAARKSAPATGGVKKPHRYRPGTVALRE,786524.01563,0,False
K9acK14me,ARTKQTARKSTGGKAPRKQLATKAARKSAPATGGVKKPHRYRPGTVALRE,1930162.73438,0,False
K4meK9acS10pK18me2,ARTKQTARKSTGGKAPRKQLATKAARKSAPAT,5762050.5,0,False
K4acK9meS10pK18me2,ARTKQTARKSTGGKAPRKQLATKAARKSAPAT,1615489.5,0,False
K4me2K9meK14me3K18ac,ARTKQTARKSTGGKAPRKQLATKAARKSAPAT,141166.78125,0,False
K4me2K9meS10pK18ac,ARTKQTARKSTGGKAPRKQLATKAARKSAPAT,753118.9375,0,False
K4me2S10pK14meK18ac,ARTKQTARKSTGGKAPRKQLATKAARKSAPAT,369615.625,0,False
K9meS10pK27ac,ARTKQTARKSTGGKAPRKQLATKAARKSAPATG,1116735.25,0,False
K4meK9acS10pK18meK23me,ARTKQTARKSTGGKAPRKQLATKAARKSAPAT,2156804.5,0,False
K2me3K11me3S15p,RKQLATKAARKSAPSTGGVKKPHRYRPGTVALRE,2543512.25,0,False
K2me3K7meK11me2S12p,RKQLATKAARKSAPSTGGVKKPHRYRPGTVALRE,6946905.25,0,False
K4ac,ARTKQTARKSTGGKAPRKQLATKAARKSAPAT,84165.85156,0,False
K2acK7acK11me2S12p,RKQLATKAARKSAPATGGVKKPHRYRPGTVALRE,179515.59375,0,False
K3me3K12ac,ARKSAPATGGVKKPHRYRPGTVALRE,196841.78125,0,False
K4me2S10pK14acK27ac,ARTKQTARKSTGGKAPRKQLATKAARKSAPAT,369722.96875,0,False
K4acK8acS9pK17me3K18me3,LATKAARKSAPATGGVKKPHRYRPGTVALRE,134315.40625,0,False
K14meK18acK23acK27me2,ARTKQTARKSTGGKAPRKQLATKAARKSAPAT,325394.09375,0,False
K2acK7acK11acK20acK21me,RKQLATKAARKSAPATGGVKKPHRYRPGTVALRE,2729200.0,0,False
K4me3K8me2K17acK18me2,LATKAARKSAPATGGVKKPHRYRPGTVALRE,5604041.5,0,False
K4me3K8me2K17me3K18me2,LATKAARKSAPATGGVKKPHRYRPGTVALRE,845472.625,0,False
K4me2K9meS10pK23ac,ARTKQTARKSTGGKAPRKQLATKAARKSAPAT,2781732.75,0,False
K4me3S10pK27me,ARTKQTARKSTGGKAPRKQLATKAARKSAPATG,370032.5,0,False
K4me3K8meK17me3K18me2,LATKAARKSAPATGGVKKPHRYRPGTVALRE,2943694.25,0,False
K9me3S10pK14meK27me2,ARTKQTARKSTGGKAPRKQLATKAARKSAPAT,1494570.0,0,False
K4meK14me2K18me3K23ac,ARTKQTARKSTGGKAPRKQLATKAARKSAPAT,134174.09375,0,False
K4me3K9acK23me3K27me,ARTKQTARKSTGGKAPRKQLATKAARKSAPSTG,418632.90625,0,False
K4me3K8me2K17acK18me,LATKAARKSAPATGGVKKPHRYRPGTVALRE,2398480.75,0,False
K14me,ARTKQTARKSTGGKAPRKQLATKAARKSAPAT,192316.96875,0,False
K4meS10pK14meK23me2K27ac,ARTKQTARKSTGGKAPRKQLATKAARKSAPAT,419567.3125,0,False
K4acK8me3K17acK18me2,LATKAARKSAPATGGVKKPHRYRPGTVALRE,2136291.75,0,False
K4me3K9acK14acK18acK27me2S28p,ARTKQTARKSTGGKAPRKQLATKAARKSAPSTGGVKKPHRYRPGTVALRE,153978.0,0,False
K4meK9me2S10pK18acK27me3,ARTKQTARKSTGGKAPRKQLATKAARKSA,3480655.25,0,False
K4meK27me2,ARTKQTARKSTGGKAPRKQLATKAARKSAPSTGGVKKPHRYRPGTVALRE,352938.71875,0,False
K18meK27me2,ARTKQTARKSTGGKAPRKQLATKAARKSAPSTGGVKKPHRYRPGTVALRE,401732.0625,0,False
K4me3K9acK14acK18acK27acS28p,ARTKQTARKSTGGKAPRKQLATKAARKSAPATGGVKKPHRYRPGTVALRE,157751.85938,0,False
K4me3K9acK14acK18acK23me3S28p,ARTKQTARKSTGGKAPRKQLATKAARKSAPATGGVKKPHRYRPGTVALRE,334930.30469,0,False
K4me3K8acK17acK18me3,LATKAARKSAPATGGVKKPHRYRPGTVALRE,126367.88281,0,False
Unmodified,LATKAARKSAPATGGVKKPHRYRPGTVALRE,2966111.75,0,False
K18me2,ARTKQTARKSTGGKAPRKQLATKAARKSAPAT,298097.5625,0,False
K4me2K14me2K18me2K23meK27acK36ac,ARTKQTARKSTGGKAPRKQLATKAARKSAPATGGVKKPHRYRPGTVALR,119539.58594,0,False
K4meK18meK36me2,ARTKQTARKSTGGKAPRKQLATKAARKSAPATGGVKKPHRYRPGTVALRE,421812.4375,0,False
K4me2,LATKAARKSAPATGGVKKPHRYRPGTVALRE,2749693.3125,0,False
K4me2K9me2S10pK14me2K18ac,ARTKQTARKSTGGKAPRKQLATKAARKSAPAT,1343384.5,0,False
K4me3,ARTKQTARKSTGGKAPRKQLATKAARKSAPAT,103065.29688,0,False
S10pK14me,ARTKQTARKSTGGKAPRKQLATKAARKSAPATG,1309358.875,0,False
K4meS10pK18ac,ARTKQTARKSTGGKAPRKQLATKAARKSAPAT,759051.0,0,False
K4acK9acK14acK18me2K23me2,ARTKQTARKSTGGKAPRKQLATKAARKSAPATGGVKKPHRYRPGTVALRE,938624.0625,0,False
K4me3K9acK14acK18me2K23me2,ARTKQTARKSTGGKAPRKQLATKAARKSAPATGGVKKPHRYRPGTVALRE,597235.625,0,False
K4me3K9me3K14acK18me2K23me2,ARTKQTARKSTGGKAPRKQLATKAARKSAPATGGVKKPHRYRPGTVALRE,449787.90625,0,False
K4me3K9me3K14meK18me,ARTKQTARKSTGGKAPRKQLATKAARKSAPATGGVKKPHRYRPGTVALR,50638.92188,0,False
K4me3K9acK14me3K18meK23me3,ARTKQTARKSTGGKAPRKQLATKAARKSAPATGGVKKPHRYRPGTVALRE,506373.21875,0,False
K4me3K9acK18meK23me,ARTKQTARKSTGGKAPRKQLATKAARKSAPATGGVKKPHRYRPGTVALR,100672.71875,0,False
K4me3K9acK14me2,ARTKQTARKSTGGKAPRKQLATKAARKSAPATGGVKKPHRYRPGTVALR,106535.40625,0,False
K4meK8me2S9p,LATKAARKSAPATGGVKKPHRYRPGTVALRE,106020.33594,0,False
K4me3K9acK14me2K18me2K23me3,ARTKQTARKSTGGKAPRKQLATKAARKSAPATGGVKKPHRYRPGTVALRE,567753.25,0,False
S10p,ARTKQTARKSTGGKAPRKQLATKAARKSAPATGGVKKPHRYRPGTVALRE,84078753.78907001,0,False
S28p,ARTKQTARKSTGGKAPRKQLATKAARKSAPATGGVKKPHRYRPGTVALRE,43648230.86915999,0,False
K4me2K14me3K18me3K23meK27me,ARTKQTARKSTGGKAPRKQLATKAARKSAPAT,113624.21094,0,False
K9me2K18ac,ARTKQTARKSTGGKAPRKQLATKAARKSAPAT,97016.39844,0,False
K4me3K9me2K18me3,ARTKQTARKSTGGKAPRKQLATKAARKSAPATGGVKKPHRYRPGTVALR,99844.4375,0,False
K4me3K9me3K14meK23ac,ARTKQTARKSTGGKAPRKQLATKAARKSAPAT,165038.59375,0,False
K4me2K18acK23me2,ARTKQTARKSTGGKAPRKQLATKAARKSAPSTGGVKKPHRYRPGTVALRE,169165.64063,0,False
K4meK9meK14acK18ac,ARTKQTARKSTGGKAPRKQLATKAARKSAPATGGVKKPHRYRPGTVALR,123352.95313,0,False
K4meK9me2K14me2K23meK27me2,ARTKQTARKSTGGKAPRKQLATKAARKSAPATGGVKKPHRYRPGTVALRE,322953.0,0,False
K4acK9acK14acK18me3K23me,ARTKQTARKSTGGKAPRKQLATKAARKSAPATGGVKKPHRYRPGTVALRE,345099.25,0,False
K4me3K9me3K14acK18me2K23acK27me,ARTKQTARKSTGGKAPRKQLATKAARKSAPATGGVKKPHRYRPGTVALR,268708.78125,0,False
K4me3K9me2K14meK18acK36me2K37me2,ARTKQTARKSTGGKAPRKQLATKAARKSAPSTGGVKKPHRYRPGTVALRE,30376.80078,0,False
K4acK9acS10pK14acK18acK27me2,ARTKQTARKSTGGKAPRKQLATKAARKSAPSTGGVKKPHRYRPGTVALRE,557011.25,0,False
K4me3K9me3K14meK23me,ARTKQTARKSTGGKAPRKQLATKAARKSAPATGGVKKPHRYRPGTVALRE,450217.28125,0,False
K4me3K9me3K14meK18me,ARTKQTARKSTGGKAPRKQLATKAARKSAPATGGVKKPHRYRPGTVALRE,712858.25,0,False
K4me2K9me2S10pK14me2K27me,ARTKQTARKSTGGKAPRKQLATKAARKSA,308010.3125,0,False
K4meK9acK14acK18acK23me3,ARTKQTARKSTGGKAPRKQLATKAARKSAPATGGVKKPHRYRPGTVALRE,173423.04688,0,False
K4me3K9me3K14acK18acK27ac,ARTKQTARKSTGGKAPRKQLATKAARKSAPAT,282390.65625,0,False
K4me3K36ac,ARTKQTARKSTGGKAPRKQLATKAARKSAPATGGVKKPHRYRPGTVALR,303704.8125,0,False
K4me3K9me2K18acK23acK27acS28p,ARTKQTARKSTGGKAPRKQLATKAARKSAPSTGGVKKPHRYRPGTVALRE,614760.125,0,False
K5acK9ac,STGGKAPRKQLATKAARKSAPATGGVKKPHRYRPGTVALRE,272561.4375,0,False
K4acK9me2S10pK14me2K36me2,ARTKQTARKSTGGKAPRKQLATKAARKSAPATGGVKKPHRYRPGTVALR,41524.51953,0,False
K4me3K9me3K14acK23meK27me2,ARTKQTARKSTGGKAPRKQLATKAARKSAPATGGVKKPHRYRPGTVALRE,356081.78125,0,False
K4me3K9me3K14acK23ac,ARTKQTARKSTGGKAPRKQLATKAARKSAPATGGVKKPHRYRPGTVALRE,37829.58203,0,False
K4meK9me2K14acK18me2K23me2K36ac,ARTKQTARKSTGGKAPRKQLATKAARKSAPATGGVKKPHRYRPGTVALR,92413.59375,0,False
S1pK16ac,SGRGKGGKGLGKGGAKR,3106019.0,0,False
S1pK16me3,SGRGKGGKGLGKGGAKR,2590266.75,0,False
K4meK9meS10pK23me3,ARTKQTARKSTGGKAPRKQLATKAARKSA,1101048.25,0,False
S10pK14meK18meK23me3,ARTKQTARKSTGGKAPRKQLATKAARKSA,1753318.125,0,False
K4me3K9me3K14acS28pK36me3K37ac,ARTKQTARKSTGGKAPRKQLATKAARKSAPATGGVKKPHRYRPGTVALRE,188699.96875,0,False
K5me3,SGRGKGGKGLGKGGAKRH,1289679.5,0,False
K5ac,SGRGKGGKGLGKGGAKRH,1036075.625,0,False
K5me2K12me,SGRGKGGKGLGKGGAKRH,2467558.0,0,False
K3acK7acK12acK16me2K25me2,GGKAPRKQLATKAARKSAPATGGVKKPHRYRPGTVALRE,1824546.625,0,False
K4acK9me3K14me3K23ac,ARTKQTARKSTGGKAPRKQLATKAARKSAPATGGVKKPHRYRPGTVALRE,221970.78125,0,False
K4me3K9acK14me3K23ac,ARTKQTARKSTGGKAPRKQLATKAARKSAPATGGVKKPHRYRPGTVALRE,89683.86719,0,False
S1p,SGRGKGGKGLGKGGAKR,1708687.125,0,False
K4me3K9acS10pK27me2S28pK36me2,ARTKQTARKSTGGKAPRKQLATKAARKSAPATGGVKKPHRYRPGTVALR,493438.6875,0,False
K4meK9me,ARTKQTARK,1052603.875,0,False
K3me2,GGKAPRKQLATKAARKSAPATGGVKKPHRYRPGTVALRE,669145.875,0,False
S1pK5me3K16ac,SGRGKGGKGLGKGGAKR,730431.5625,0,False
K4me3K9acK14me3K23me3,ARTKQTARKSTGGKAPRKQLATKAARKSAPATGGVKKPHRYRPGTVALRE,242509.10938,0,False
K9meS10pS28p,ARTKQTARKSTGGKAPRKQLATKAARKSA,9598471.0,0,False
K4acK8acK17ac,LATKAARKSAPATGGVKKPHRYRPGTVALRE,1840504.25,0,False
K4me2K14me2S28p,ARTKQTARKSTGGKAPRKQLATKAARKSAPAT,321923.15625,0,False
K4meK8acK17me2K18me2,LATKAARKSAPATGGVKKPHRYRPGTVALRE,2822516.25,0,False
K18me3K27me3K36me2,ARTKQTARKSTGGKAPRKQLATKAARKSAPATGGVKKPHRYRPGTVALR,54710.27734,0,False
K4acK14me3K18me3K36me3,ARTKQTARKSTGGKAPRKQLATKAARKSAPATGGVKKPHRYRPGTVALR,64280.97266,0,False
K4acK9me2K14ac,ARTKQTARKSTGGKAPRKQLATKAARKSAPATGGVKKPHRYRPGTVALR,68101.60156,0,False
K4me2S10p,ARTKQTARKSTGGKAPRKQLATKAARKSAPATGGVKKPHRYRPGTVALRE,134900.46875,0,False
K9me2S10p,ARTKQTARKSTGGKAPRKQLATKAARKSAPATGGVKKPHRYRPGTVALRE,259937.0,0,False
K9me2K27me,ARTKQTARKSTGGKAPRKQLATKAARKSAPATGGVKKPHRYRPGTVALRE,292144.375,0,False
K4acK8me2K17me2,LATKAARKSAPATGGVKKPHRYRPGTVALRE,1937528.75,0,False
S9p,LATKAARKSAPATGGVKKPHRYRPGTVALRE,186186.85938,0,False
K4acS10pK18me2,ARTKQTARKSTGGKAPRKQLATKAARKSA,858205.375,0,False
K4me3K9acS10pK14acK18me3K27ac,ARTKQTARKSTGGKAPRKQLATKAARKSAPATGGVKKPHRYRPGTVALR,139676.6875,0,False
K4meS10pK18meK23ac,ARTKQTARKSTGGKAPRKQLATKAARKSA,1753318.125,0,False
K4acK9meK14me3K18me,ARTKQTARKSTGGKAPRKQLATKAARKSAPATGGVKKPHRYRPGTVALR,646478.9375,0,False
K4me2K9acS10p,ARTKQTARKSTGGKAPRKQLATKAARKSAPSTGGVKKPHRYRPGTVALRE,51152.73438,0,False
K4me3K14me,ARTKQTARKSTGGKAP,321110.34375,0,False
K4me3K9me3,ARTKQTARK,816523.9375,0,False
K4acS10pK27meS28p,ARTKQTARKSTGGKAPRKQLATKAARKSA,1534142.25,0,False
K4acK9me2K18me,ARTKQTARKSTGGKAPRKQLATKAARKSAPATGGVKKPHRYRPGTVALRE,526959.1875,0,False
K4me,LATKAARKSAPATGGVKKPHRYRPGTVALRE,4186539.25,0,False
K4me3K9acK14me3K27me3,ARTKQTARKSTGGKAPRKQLATKAARKSAPATGGVKKPHRYRPGTVALRE,478899.15625,0,False
K4me2K14me3,ARTKQTARKSTGGKAP,857151.0,0,False
K4me3K9me2S28p,ARTKQTARKSTGGKAPRKQLATKAARKSAPAT,402458.65625,0,False
K4me3K9acK14acK18me3K23ac,ARTKQTARKSTGGKAPRKQLATKAARKSAPATGGVKKPHRYRPGTVALR,331149.84375,0,False
K4me3K18meK23me2,ARTKQTARKSTGGKAPRKQLATKAARKSAPSTGGVKKPHRYRPGTVALRE,84130.33594,0,False
K4me3K9me3K14acK23meK27me,ARTKQTARKSTGGKAPRKQLATKAARKSAPSTGGVKKPHRYRPGTVALRE,498161.8125,0,False
K4me3S10pS28pK36me2,ARTKQTARKSTGGKAPRKQLATKAARKSAPATGGVKKPHRYRPGTVALR,240871.48438,0,False
K9me2K14meK18me2K23me,ARTKQTARKSTGGKAPRKQLATKAARKSAPSTGGVKKPHRYRPGTVALRE,288508.40625,0,False
S1pK5acK8me2K12ac,SGRGKGGKGLGKGGAKR,708062.25,0,False
K4me2K9me2S10pK18ac,ARTKQTARKSTGGKAPRKQLATKAARKSA,2537751.25,0,False
S10pK23me2K27me3,ARTKQTARKSTGGKAPRKQLATKAARKSAPAT,872342.75,0,False
K4me3K9acK14acK18me,ARTKQTARKSTGGKAPRKQLATKAARKSAPATGGVKKPHRYRPGTVALR,381102.1875,0,False
K4acK9me3K14me3K36meK37me,ARTKQTARKSTGGKAPRKQLATKAARKSAPATGGVKKPHRYRPGTVALR,1051438.375,0,False
K9me,ARTKQTARKSTGGKAP,794025.4375,0,False
K9acK14me2K23me2,ARTKQTARKSTGGKAPRKQLATKAARKSAPATGGVKKPHRYRPGTVALRE,162749.73438,0,False
K4me3S10pK18acK27acK36me3K37me3,ARTKQTARKSTGGKAPRKQLATKAARKSAPSTGGVKKPHRYRPGTVALRE,327632.34375,0,False
K2acK7acK11acK20me2K21me2,RKQLATKAARKSAPATGGVKKPHRYRPGTVALRE,2023859.0,0,False
K23me,ARTKQTARKSTGGKAPRKQLATKAARKSAPATGGVKKPHRYRPGTVALRE,1123309.625,0,False
K27me,ARTKQTARKSTGGKAPRKQLATKAARKSAPATGGVKKPHRYRPGTVALRE,5888094.61328,0,False
K4me,ARTKQTARKSTGGKAPRKQLATKAARKSAPATGGVKKPHRYRPGTVALRE,98147800.78125,0,False
K9me,ARTKQTARKSTGGKAPRKQLATKAARKSAPATGGVKKPHRYRPGTVALRE,15672866.136739999,0,False
K14me,ARTKQTARKSTGGKAPRKQLATKAARKSAPATGGVKKPHRYRPGTVALRE,35805258.24220999,0,False
K4me3K9acK14acK18acK23me3S28p,ARTKQTARKSTGGKAPRKQLATKAARKSAPSTGGVKKPHRYRPGTVALRE,596300.0625,0,False
K9acK14acK18me2K23me2K27me2S28p,ARTKQTARKSTGGKAPRKQLATKAARKSAPSTGGVKKPHRYRPGTVALRE,292714.0,0,False
K4meK8acK17me2,LATKAARKSAPATGGVKKPHRYRPGTVALRE,1875315.625,0,False
K4meK9meS10pS28pS31p,ARTKQTARKSTGGKAPRKQLATKAARKSAPSTGGVKKPHRYRPGTVALRE,2221809.0,0,False
K9acK14acK18acK23me2K27meS28p,ARTKQTARKSTGGKAPRKQLATKAARKSAPSTGGVKKPHRYRPGTVALRE,105363.47656,0,False
K4me3K9me3S10pK18me3S28pS31p,ARTKQTARKSTGGKAPRKQLATKAARKSAPSTGGVKKPHRYRPGTVALRE,615729.75,0,False
K4me3K9me3S10pK27acS28pS31p,ARTKQTARKSTGGKAPRKQLATKAARKSAPSTGGVKKPHRYRPGTVALRE,1056984.5,0,False
K2acK7meK11me2,RKQLATKAARKSAPATGGVKKPHRYRPGTVALRE,4198478.0,0,False
K4me3K9acS10pK27me2S28pS31p,ARTKQTARKSTGGKAPRKQLATKAARKSAPSTGGVKKPHRYRPGTVALRE,223882.42969000002,0,False
K4me3K9meS10pS28pS31p,ARTKQTARKSTGGKAPRKQLATKAARKSAPSTGGVKKPHRYRPGTVALRE,7206087.0,0,False
K4me3S10pK23meS28pS31p,ARTKQTARKSTGGKAPRKQLATKAARKSAPSTGGVKKPHRYRPGTVALRE,15798656.5,0,False
K4me3K9me2S10pK14me2K18acK27me2,ARTKQTARKSTGGKAPRKQLATKAARKSAPSTGGVKKPHRYRPGTVALRE,413825.0625,0,False
K9acK14acK18acK27acK36me2K37me2,ARTKQTARKSTGGKAPRKQLATKAARKSAPSTGGVKKPHRYRPGTVALRE,9470047.625,0,False
K9acK14acK18acK23acK36me2K37me2,ARTKQTARKSTGGKAPRKQLATKAARKSAPSTGGVKKPHRYRPGTVALRE,143964.32813,0,False
K4me3K9acS10pK23acS28pS31p,ARTKQTARKSTGGKAPRKQLATKAARKSAPSTGGVKKPHRYRPGTVALRE,477988.5625,0,False
K4me3S10pK18me2K23meS28pS31p,ARTKQTARKSTGGKAPRKQLATKAARKSAPSTGGVKKPHRYRPGTVALRE,697391.5,0,False
K9acK14acK18acK27acK36acK37me2,ARTKQTARKSTGGKAPRKQLATKAARKSAPATGGVKKPHRYRPGTVALRE,302065.40625,0,False
K4me3S10pK23meK27me2S28pS31p,ARTKQTARKSTGGKAPRKQLATKAARKSAPSTGGVKKPHRYRPGTVALRE,938680.3125,0,False
K4me3K9acK14acK18acK23me3K27ac,ARTKQTARKSTGGKAPRKQLATKAARKSAPATGGVKKPHRYRPGTVALRE,149535.125,0,False
K4me3K9acK14acK18acK23acK27ac,ARTKQTARKSTGGKAPRKQLATKAARKSAPATGGVKKPHRYRPGTVALRE,220670.32813,0,False
K9acK14acK18acK27acK36acK37ac,ARTKQTARKSTGGKAPRKQLATKAARKSAPSTGGVKKPHRYRPGTVALRE,1839644.125,0,False
K4me3K9acK14acK18acK23acK27ac,ARTKQTARKSTGGKAPRKQLATKAARKSAPSTGGVKKPHRYRPGTVALRE,9775433.125,0,False
K4me3K9acK14acK18acK23acK27me3,ARTKQTARKSTGGKAPRKQLATKAARKSAPSTGGVKKPHRYRPGTVALRE,1511632.75,0,False
K4me3S10pS28pS31p,ARTKQTARKSTGGKAPRKQLATKAARKSAPSTGGVKKPHRYRPGTVALRE,8796722.36719,0,False
K4me3K9acK14acK18meK23me2S28p,ARTKQTARKSTGGKAPRKQLATKAARKSAPATGGVKKPHRYRPGTVALRE,127914.64063,0,False
S10pK27meS28pS31p,ARTKQTARKSTGGKAPRKQLATKAARKSAPSTGGVKKPHRYRPGTVALRE,5520935.5,0,False
K9meS10pS28pS31p,ARTKQTARKSTGGKAPRKQLATKAARKSAPSTGGVKKPHRYRPGTVALRE,3520618.125,0,False
S10pK18meS28pS31p,ARTKQTARKSTGGKAPRKQLATKAARKSAPSTGGVKKPHRYRPGTVALRE,512853.09375,0,False
S10pK23meS28pS31p,ARTKQTARKSTGGKAPRKQLATKAARKSAPSTGGVKKPHRYRPGTVALRE,215644.67188,0,False
K9acK14acK18acK27acK36acK37me,ARTKQTARKSTGGKAPRKQLATKAARKSAPSTGGVKKPHRYRPGTVALRE,2834389.75,0,False
K4me3K9acK14acK18acK27me2,ARTKQTARKSTGGKAPRKQLATKAARKSAPSTGGVKKPHRYRPGTVALRE,4179972.375,0,False
K4me3K9acK14acK18acK36me2,ARTKQTARKSTGGKAPRKQLATKAARKSAPSTGGVKKPHRYRPGTVALRE,772162.4375,0,False
K9acK14acK18acK23meK27me2S28p,ARTKQTARKSTGGKAPRKQLATKAARKSAPATGGVKKPHRYRPGTVALRE,219028.85938,0,False
K4me3K9acK14acK18acK23meK27me2,ARTKQTARKSTGGKAPRKQLATKAARKSAPSTGGVKKPHRYRPGTVALRE,3440141.4375,0,False
K4me3K9acK14acK18acK27ac,ARTKQTARKSTGGKAPRKQLATKAARKSAPATGGVKKPHRYRPGTVALRE,318870544.90625,0,False
K4me3K9acK14acK18acK23ac,ARTKQTARKSTGGKAPRKQLATKAARKSAPATGGVKKPHRYRPGTVALRE,77011788.8125,0,False
K4me3K9acK14acK18acK36ac,ARTKQTARKSTGGKAPRKQLATKAARKSAPATGGVKKPHRYRPGTVALRE,1623119.75,0,False
K4me3K9acK14me3K18acK23acK27ac,ARTKQTARKSTGGKAPRKQLATKAARKSAPSTGGVKKPHRYRPGTVALRE,4565319.0,0,False
K4me3K9acK14me3K23acK27meK36ac,ARTKQTARKSTGGKAPRKQLATKAARKSAPATGGVKKPHRYRPGTVALRE,1088979.875,0,False
K4me3K9acK14acK18acK27acK36ac,ARTKQTARKSTGGKAPRKQLATKAARKSAPSTGGVKKPHRYRPGTVALRE,4527424.5,0,False
K4me3K9acK14me3K18meK23acK27ac,ARTKQTARKSTGGKAPRKQLATKAARKSAPATGGVKKPHRYRPGTVALRE,682947.4375,0,False
K4me3K9acK14me3K18acK23meK27ac,ARTKQTARKSTGGKAPRKQLATKAARKSAPATGGVKKPHRYRPGTVALRE,142621.45313,0,False
K9acK23meK27me2S28pK36me,ARTKQTARKSTGGKAPRKQLATKAARKSAPSTGGVKKPHRYRPGTVALRE,214955.0625,0,False
K4meS10pK27meS28pS31p,ARTKQTARKSTGGKAPRKQLATKAARKSAPSTGGVKKPHRYRPGTVALRE,2252459.0,0,False
S10pK18meK27meS28pS31p,ARTKQTARKSTGGKAPRKQLATKAARKSAPSTGGVKKPHRYRPGTVALRE,302109.375,0,False
K4me3K9acS10pK23acK27meS28p,ARTKQTARKSTGGKAPRKQLATKAARKSAPATGGVKKPHRYRPGTVALRE,1690551.25,0,False
K4me3K9meS10pK14acK18acS28p,ARTKQTARKSTGGKAPRKQLATKAARKSAPATGGVKKPHRYRPGTVALRE,827914.6875,0,False
K9acK14acK18me2K23acK27ac,ARTKQTARKSTGGKAPRKQLATKAARKSAPATGGVKKPHRYRPGTVALRE,2122427.0,0,False
K9acK14acK18acK23acK27me2,ARTKQTARKSTGGKAPRKQLATKAARKSAPATGGVKKPHRYRPGTVALRE,2466200.0859399997,0,False
K4me3K9meK14me2K18acK23me2,ARTKQTARKSTGGKAPRKQLATKAARKSAPATGGVKKPHRYRPGTVALRE,121278.58594,0,False
K4me3K9me3K14acK23me2,ARTKQTARKSTGGKAPRKQLATKAARKSAPATGGVKKPHRYRPGTVALRE,2154205.5,0,False
K4me3K9acK14acK18acK23acK36me3,ARTKQTARKSTGGKAPRKQLATKAARKSAPSTGGVKKPHRYRPGTVALRE,1156320.75,0,False
K9acK14acK23acK27me2K36ac,ARTKQTARKSTGGKAPRKQLATKAARKSAPATGGVKKPHRYRPGTVALRE,1015969.5,0,False
S10pK18acK27me2,ARTKQTARKSTGGKAPRKQLATKAARKSAPSTGGVKKPHRYRPGTVALRE,733042.125,0,False
K4me3S10pK27me,ARTKQTARKSTGGKAPRKQLATKAARKSAPSTGGVKKPHRYRPGTVALRE,1491153.625,0,False
K4acK9acK14acK23me2,ARTKQTARKSTGGKAPRKQLATKAARKSAPATGGVKKPHRYRPGTVALRE,270971.875,0,False
K4me3S10pK27meS28pK36acK37me,ARTKQTARKSTGGKAPRKQLATKAARKSAPATGGVKKPHRYRPGTVALRE,3314868.5,0,False
K9acK14acK18acK27ac,ARTKQTARKSTGGKAPRKQLATKAARKSAPATGGVKKPHRYRPGTVALRE,174809442.45704,0,False
K9acK14acK18acK23ac,ARTKQTARKSTGGKAPRKQLATKAARKSAPATGGVKKPHRYRPGTVALRE,8795888.906259999,0,False
K9acK14meK18meK23me2K27meS28p,ARTKQTARKSTGGKAPRKQLATKAARKSAPATGGVKKPHRYRPGTVALRE,306542.15625,0,False
K9acK14acK18acK36ac,ARTKQTARKSTGGKAPRKQLATKAARKSAPATGGVKKPHRYRPGTVALRE,280152.25,0,False
K9acK14acK18meK23acK27meK37me3,ARTKQTARKSTGGKAPRKQLATKAARKSAPATGGVKKPHRYRPGTVALRE,1228100.125,0,False
K9acK14acK18acK23acK27meK36ac,ARTKQTARKSTGGKAPRKQLATKAARKSAPSTGGVKKPHRYRPGTVALRE,890802.6875,0,False
K9acK14acK18acK23meK27me2,ARTKQTARKSTGGKAPRKQLATKAARKSAPSTGGVKKPHRYRPGTVALRE,1794867.03906,0,False
S10pS28pS31p,ARTKQTARKSTGGKAPRKQLATKAARKSAPSTGGVKKPHRYRPGTVALRE,1019240.03125,0,False
K4me2S10pK18meK27me,ARTKQTARKSTGGKAPRKQLATKAARKSAPSTGGVKKPHRYRPGTVALRE,620628.75,0,False
K9me2S10pK18meK27me,ARTKQTARKSTGGKAPRKQLATKAARKSAPSTGGVKKPHRYRPGTVALRE,1940077.15625,0,False
K4me3K9acK14acK23acK27me3,ARTKQTARKSTGGKAPRKQLATKAARKSAPSTGGVKKPHRYRPGTVALRE,1050906.5,0,False
K4me3K9acK14acK18meK23acK27me2,ARTKQTARKSTGGKAPRKQLATKAARKSAPSTGGVKKPHRYRPGTVALRE,994503.8125,0,False
K9acK14acK18acK23me3K27ac,ARTKQTARKSTGGKAPRKQLATKAARKSAPSTGGVKKPHRYRPGTVALRE,2901712.375,0,False
K9acK14acK18acK23meK27me2,ARTKQTARKSTGGKAPRKQLATKAARKSAPATGGVKKPHRYRPGTVALRE,186446.82813,0,False
K9acK14acK23meS28p,ARTKQTARKSTGGKAPRKQLATKAARKSAPSTGGVKKPHRYRPGTVALRE,188550.85938,0,False
K4me3K9acK14acK18acK23acK27me2,ARTKQTARKSTGGKAPRKQLATKAARKSAPATGGVKKPHRYRPGTVALRE,1119470.71876,0,False
K4me3K9me3S10pK14acK27meS28p,ARTKQTARKSTGGKAPRKQLATKAARKSAPATGGVKKPHRYRPGTVALRE,567974.375,0,False
K4me3K9acK14acK18acK23acK36me,ARTKQTARKSTGGKAPRKQLATKAARKSAPATGGVKKPHRYRPGTVALRE,228928.4375,0,False
K9acK14acK23meK27me2K36me2K37me3,ARTKQTARKSTGGKAPRKQLATKAARKSAPATGGVKKPHRYRPGTVALRE,1417985.25,0,False
K4me3K9acK14acK18acK23me2K27me2,ARTKQTARKSTGGKAPRKQLATKAARKSAPATGGVKKPHRYRPGTVALRE,411965.73438000004,0,False
K4me3K9acK14acK18acK23acK27me,ARTKQTARKSTGGKAPRKQLATKAARKSAPATGGVKKPHRYRPGTVALRE,257200.40625,0,False
K4me3K14acK18me3K23me3K27acK36me3,ARTKQTARKSTGGKAPRKQLATKAARKSAPSTGGVKKPHRYRPGTVALRE,318711.375,0,False
K9acK14acK18acK23acK27me,ARTKQTARKSTGGKAPRKQLATKAARKSAPATGGVKKPHRYRPGTVALRE,2464381.1953300005,0,False
K9acK14acK18acK23meK27ac,ARTKQTARKSTGGKAPRKQLATKAARKSAPATGGVKKPHRYRPGTVALRE,281615.21484000003,0,False
K9acK14acK18acK23meK36ac,ARTKQTARKSTGGKAPRKQLATKAARKSAPATGGVKKPHRYRPGTVALRE,484441.09375,0,False
K18me2K23me2S31pK36meK37me2,ARTKQTARKSTGGKAPRKQLATKAARKSAPSTGGVKKPHRYRPGTVALRE,399871.40625,0,False
K4me3K9acK14acK18me2K23acK27me2,ARTKQTARKSTGGKAPRKQLATKAARKSAPATGGVKKPHRYRPGTVALRE,315499.4375,0,False
K4me3K9acK14acK18acK23ac,ARTKQTARKSTGGKAPRKQLATKAARKSAPSTGGVKKPHRYRPGTVALRE,1627764.3125,0,False
K4me3K9acK14acK18acK27ac,ARTKQTARKSTGGKAPRKQLATKAARKSAPSTGGVKKPHRYRPGTVALRE,1113516.0,0,False
K4me3K9meS10p,ARTKQTARKSTGGKAPRKQLATKAARKSAPSTGGVKKPHRYRPGTVALRE,1288361.09375,0,False
K9acK14acK18acK36me3K37me,ARTKQTARKSTGGKAPRKQLATKAARKSAPATGGVKKPHRYRPGTVALRE,263540.90625,0,False
K9acK14acK18acK27meK36me3,ARTKQTARKSTGGKAPRKQLATKAARKSAPATGGVKKPHRYRPGTVALRE,260740.67188,0,False
K9acK14acK23acK36me3K37me2,ARTKQTARKSTGGKAPRKQLATKAARKSAPATGGVKKPHRYRPGTVALRE,487967.9375,0,False
K4me3K9acK14acK23acK27ac,ARTKQTARKSTGGKAPRKQLATKAARKSAPSTGGVKKPHRYRPGTVALRE,2314643.375,0,False
K4me3K9acK14acK18acK23me2K27me2,ARTKQTARKSTGGKAPRKQLATKAARKSAPSTGGVKKPHRYRPGTVALRE,4887865.0,0,False
K14meK18me2K23meS31pK37me3,ARTKQTARKSTGGKAPRKQLATKAARKSAPSTGGVKKPHRYRPGTVALRE,364726.34375,0,False
K9acK14meK18acK23acK27me,ARTKQTARKSTGGKAPRKQLATKAARKSAPATGGVKKPHRYRPGTVALRE,601559.4375,0,False
K9me2S10pK27me2,ARTKQTARKSTGGKAPRKQLATKAARKSAPSTGGVKKPHRYRPGTVALRE,497221.15625,0,False
S10pK23meK36me3K37me3,ARTKQTARKSTGGKAPRKQLATKAARKSAPSTGGVKKPHRYRPGTVALRE,380322.8125,0,False
K9acK14acK18acK23acK27ac,ARTKQTARKSTGGKAPRKQLATKAARKSAPSTGGVKKPHRYRPGTVALRE,4490800.0,0,False
S10pK14meK27me2,ARTKQTARKSTGGKAPRKQLATKAARKSAPSTGGVKKPHRYRPGTVALRE,335123.63281,0,False
K4meS10pK27me2,ARTKQTARKSTGGKAPRKQLATKAARKSAPSTGGVKKPHRYRPGTVALRE,991284.3672000001,0,False
K9meS10pK27me2,ARTKQTARKSTGGKAPRKQLATKAARKSAPSTGGVKKPHRYRPGTVALRE,862916.0312699999,0,False
K9acK14me2K23acK27ac,ARTKQTARKSTGGKAPRKQLATKAARKSAPATGGVKKPHRYRPGTVALRE,637952.5,0,False
K9acK14meK18meK23acK27ac,ARTKQTARKSTGGKAPRKQLATKAARKSAPATGGVKKPHRYRPGTVALRE,461748.3125,0,False
K9meS10pK14meK18meK27me,ARTKQTARKSTGGKAPRKQLATKAARKSAPSTGGVKKPHRYRPGTVALRE,775074.625,0,False
K9me3S10pK14me2K36meK37me,ARTKQTARKSTGGKAPRKQLATKAARKSAPSTGGVKKPHRYRPGTVALRE,274413.125,0,False
K4me3S28p,ARTKQTARKSTGGKAPRKQLATKAARKSAPSTGGVKKPHRYRPGTVALRE,388445.1875,0,False
K9acS10pK14acK18meK27me2,ARTKQTARKSTGGKAPRKQLATKAARKSAPSTGGVKKPHRYRPGTVALRE,112621.03125,0,False
K4me3K9meK14me2K18ac,ARTKQTARKSTGGKAPRKQLATKAARKSAPSTGGVKKPHRYRPGTVALRE,873769.25,0,False
K4me3K9acK14meK18me2,ARTKQTARKSTGGKAPRKQLATKAARKSAPSTGGVKKPHRYRPGTVALRE,471483.1875,0,False
K4me3K9meS10pK14acK18meK27me2,ARTKQTARKSTGGKAPRKQLATKAARKSAPSTGGVKKPHRYRPGTVALRE,160603.32813,0,False
K9acK14acK18acK23me2,ARTKQTARKSTGGKAPRKQLATKAARKSAPATGGVKKPHRYRPGTVALRE,913591.8437600001,0,False
K9acK14acK18acK27me2,ARTKQTARKSTGGKAPRKQLATKAARKSAPATGGVKKPHRYRPGTVALRE,1370899.625,0,False
K9acK14acK18acK23meK27me,ARTKQTARKSTGGKAPRKQLATKAARKSAPATGGVKKPHRYRPGTVALRE,539973.875,0,False
K4me3K9meK14acK18ac,ARTKQTARKSTGGKAPRKQLATKAARKSAPATGGVKKPHRYRPGTVALRE,611134.8125,0,False
K4me3K9acK14meK18ac,ARTKQTARKSTGGKAPRKQLATKAARKSAPATGGVKKPHRYRPGTVALRE,545719.6875,0,False
K9acK14acK18me2K27meK36meK37me3,ARTKQTARKSTGGKAPRKQLATKAARKSAPSTGGVKKPHRYRPGTVALRE,628855.5,0,False
K9me2S10pK23meK27me,ARTKQTARKSTGGKAPRKQLATKAARKSAPSTGGVKKPHRYRPGTVALRE,247202.14063,0,False
K9acS10pK14me2K27me2,ARTKQTARKSTGGKAPRKQLATKAARKSAPSTGGVKKPHRYRPGTVALRE,223997.21875,0,False
K4me3K9meS28p,ARTKQTARKSTGGKAPRKQLATKAARKSAPSTGGVKKPHRYRPGTVALRE,774359.125,0,False
K4me3K9acK14meK23me2,ARTKQTARKSTGGKAPRKQLATKAARKSAPATGGVKKPHRYRPGTVALRE,294260.90625,0,False
K4me3K9acK18meK23me2,ARTKQTARKSTGGKAPRKQLATKAARKSAPATGGVKKPHRYRPGTVALRE,10735828.0,0,False
K9acK14acK23acK27me2,ARTKQTARKSTGGKAPRKQLATKAARKSAPATGGVKKPHRYRPGTVALRE,1090157.04688,0,False
K14acK18acK23acK27me2,ARTKQTARKSTGGKAPRKQLATKAARKSAPATGGVKKPHRYRPGTVALRE,3604205.5,0,False
K4me3K9meS10p,ARTKQTARKSTGGKAPRKQLATKAARKSAPATGGVKKPHRYRPGTVALRE,77425.11719,0,False
S10pK18acK27ac,ARTKQTARKSTGGKAPRKQLATKAARKSAPATGGVKKPHRYRPGTVALRE,878867.78125,0,False
K9acS10pK27me,ARTKQTARKSTGGKAPRKQLATKAARKSAPSTGGVKKPHRYRPGTVALRE,466625.46875,0,False
K9meS10pK36me2,ARTKQTARKSTGGKAPRKQLATKAARKSAPSTGGVKKPHRYRPGTVALRE,527054.01563,0,False
K9meK14acK18acK23acK27me2,ARTKQTARKSTGGKAPRKQLATKAARKSAPSTGGVKKPHRYRPGTVALRE,254059.04688,0,False
K4me3K9acK14acK23me,ARTKQTARKSTGGKAPRKQLATKAARKSAPATGGVKKPHRYRPGTVALRE,224803.42188,0,False
K4me3K9acK14acK18me,ARTKQTARKSTGGKAPRKQLATKAARKSAPATGGVKKPHRYRPGTVALRE,233123.73438,0,False
K4me3K9acK18acK23me,ARTKQTARKSTGGKAPRKQLATKAARKSAPATGGVKKPHRYRPGTVALRE,276205.8125,0,False
K4me3K9meK14acK18me2K23me,ARTKQTARKSTGGKAPRKQLATKAARKSAPATGGVKKPHRYRPGTVALRE,1379663.875,0,False
K9meS10pK14me2K27me,ARTKQTARKSTGGKAPRKQLATKAARKSAPSTGGVKKPHRYRPGTVALRE,908289.3125,0,False
K4me3K9me3K14acK27me,ARTKQTARKSTGGKAPRKQLATKAARKSAPATGGVKKPHRYRPGTVALRE,795590.0625,0,False
K4me3K9acK14me3K27me,ARTKQTARKSTGGKAPRKQLATKAARKSAPATGGVKKPHRYRPGTVALRE,488744.5625,0,False
K9acK14acS28p,ARTKQTARKSTGGKAPRKQLATKAARKSAPATGGVKKPHRYRPGTVALRE,3141596.17578,0,False
K9meS10pK14meK18acK27me2,ARTKQTARKSTGGKAPRKQLATKAARKSAPSTGGVKKPHRYRPGTVALRE,241748.82813,0,False
K9me2S10pK14meK23me2K27me2,ARTKQTARKSTGGKAPRKQLATKAARKSAPSTGGVKKPHRYRPGTVALRE,68308.75781,0,False
K9acK14acK18acK23me2K27acK36me2,ARTKQTARKSTGGKAPRKQLATKAARKSAPATGGVKKPHRYRPGTVALRE,36190.62891,0,False
K9me2S10pK23me2,ARTKQTARKSTGGKAPRKQLATKAARKSAPSTGGVKKPHRYRPGTVALRE,524692.5,0,False
K9acK14acK18acK23me2K36me2K37me2,ARTKQTARKSTGGKAPRKQLATKAARKSAPSTGGVKKPHRYRPGTVALRE,109059.55469,0,False
K9acK14acK18acK27me2K36me2K37me2,ARTKQTARKSTGGKAPRKQLATKAARKSAPSTGGVKKPHRYRPGTVALRE,3685593.875,0,False
S10pK23meK27me2,ARTKQTARKSTGGKAPRKQLATKAARKSAPSTGGVKKPHRYRPGTVALRE,109914.63281,0,False
K9acK14acK18acK23acK36me2K37me2,ARTKQTARKSTGGKAPRKQLATKAARKSAPATGGVKKPHRYRPGTVALRE,47584.8125,0,False
K9acK14acK18acK27acK36me2K37me2,ARTKQTARKSTGGKAPRKQLATKAARKSAPATGGVKKPHRYRPGTVALRE,369535.90626,0,False
S10pK27me2,ARTKQTARKSTGGKAPRKQLATKAARKSAPSTGGVKKPHRYRPGTVALRE,173489.21094,0,False
S10pK18me2K23me,ARTKQTARKSTGGKAPRKQLATKAARKSAPATGGVKKPHRYRPGTVALRE,41430.22266,0,False
K9acK14acK18acK23me3,ARTKQTARKSTGGKAPRKQLATKAARKSAPATGGVKKPHRYRPGTVALRE,307444.34375,0,False
K4me3K9meS10pK14me2K27me2,ARTKQTARKSTGGKAPRKQLATKAARKSAPSTGGVKKPHRYRPGTVALRE,79470.0,0,False
K4me3K9acK14acK27me,ARTKQTARKSTGGKAPRKQLATKAARKSAPATGGVKKPHRYRPGTVALRE,274400.03125,0,False
K14meS28p,ARTKQTARKSTGGKAPRKQLATKAARKSAPSTGGVKKPHRYRPGTVALRE,277822.21875,0,False
K9meS10p,ARTKQTARKSTGGKAPRKQLATKAARKSAPSTGGVKKPHRYRPGTVALRE,764766.89844,0,False
K4me3S10pK18acK27me2,ARTKQTARKSTGGKAPRKQLATKAARKSAPSTGGVKKPHRYRPGTVALRE,398033.64844,0,False
K4me3S10pK18acK36me2,ARTKQTARKSTGGKAPRKQLATKAARKSAPSTGGVKKPHRYRPGTVALRE,112933.03906,0,False
K9acK14acK18me,ARTKQTARKSTGGKAPRKQLATKAARKSAPATGGVKKPHRYRPGTVALRE,1905579.53125,0,False
K9acK14acK23me,ARTKQTARKSTGGKAPRKQLATKAARKSAPATGGVKKPHRYRPGTVALRE,320989.40625,0,False
K9acK14meK18ac,ARTKQTARKSTGGKAPRKQLATKAARKSAPATGGVKKPHRYRPGTVALRE,203115.48438,0,False
K9acK18acK23me,ARTKQTARKSTGGKAPRKQLATKAARKSAPATGGVKKPHRYRPGTVALRE,129013.07813,0,False
S10pK14me,ARTKQTARKSTGGKAPRKQLATKAARKSAPSTGGVKKPHRYRPGTVALRE,104835.99219,0,False
S10pK23me,ARTKQTARKSTGGKAPRKQLATKAARKSAPSTGGVKKPHRYRPGTVALRE,835572.01563,0,False
K9acK14acK18acK23me3,ARTKQTARKSTGGKAPRKQLATKAARKSAPSTGGVKKPHRYRPGTVALRE,327834.3125,0,False
K9acK14acK18acK23me2K27me2,ARTKQTARKSTGGKAPRKQLATKAARKSAPATGGVKKPHRYRPGTVALRE,1262103.9922000002,0,False
K9meS10pK14me,ARTKQTARKSTGGKAPRKQLATKAARKSAPATGGVKKPHRYRPGTVALRE,218923.01563,0,False
K9meS10pK23me,ARTKQTARKSTGGKAPRKQLATKAARKSAPATGGVKKPHRYRPGTVALRE,348562.55469,0,False
K9acK14acK18acK23me2K36acK37me2,ARTKQTARKSTGGKAPRKQLATKAARKSAPATGGVKKPHRYRPGTVALR,117835.51563,0,False
K9acK14me3K18me3K36acK37me2,ARTKQTARKSTGGKAPRKQLATKAARKSAPATGGVKKPHRYRPGTVALR,46047.90625,0,False
K4me3K9acK18meK27me2,ARTKQTARKSTGGKAPRKQLATKAARKSAPSTGGVKKPHRYRPGTVALRE,1282320.625,0,False
K23me2S28p,ARTKQTARKSTGGKAPRKQLATKAARKSAPATGGVKKPHRYRPGTVALRE,506836.46875,0,False
K4ac,ARTKQTARKSTGGKAPRKQLATKAARKSAPATGGVKKPHRYRPGTVALRE,1485476.75,0,False
K9ac,ARTKQTARKSTGGKAPRKQLATKAARKSAPATGGVKKPHRYRPGTVALRE,38753333.5,0,False
K14ac,ARTKQTARKSTGGKAPRKQLATKAARKSAPATGGVKKPHRYRPGTVALRE,61038353.59375,0,False
K18ac,ARTKQTARKSTGGKAPRKQLATKAARKSAPATGGVKKPHRYRPGTVALRE,4012106.88281,0,False
K23ac,ARTKQTARKSTGGKAPRKQLATKAARKSAPATGGVKKPHRYRPGTVALRE,2334804.3359499997,0,False
K9acK14acK18acK27me2,ARTKQTARKSTGGKAPRKQLATKAARKSAPSTGGVKKPHRYRPGTVALRE,7801776.71875,0,False
K9acK14acK18acK23me2,ARTKQTARKSTGGKAPRKQLATKAARKSAPSTGGVKKPHRYRPGTVALRE,653582.0625,0,False
K9acK14acK18acK23meK27me,ARTKQTARKSTGGKAPRKQLATKAARKSAPSTGGVKKPHRYRPGTVALRE,445813.125,0,False
K9acK14acK18acK27meK36me,ARTKQTARKSTGGKAPRKQLATKAARKSAPSTGGVKKPHRYRPGTVALRE,520712.53125,0,False
K9acK14acK36me,ARTKQTARKSTGGKAPRKQLATKAARKSAPATGGVKKPHRYRPGTVALRE,730808.70313,0,False
S10pK14meK23me,ARTKQTARKSTGGKAPRKQLATKAARKSAPATGGVKKPHRYRPGTVALRE,244245.59375,0,False
K4meK27me,ARTKQTARKSTGGKAPRKQLATKAARKSAPSTGGVKKPHRYRPGTVALRE,1057689.375,0,False
K4me3K9acK14acK18acS28p,ARTKQTARKSTGGKAPRKQLATKAARKSAPATGGVKKPHRYRPGTVALRE,67691.29688,0,False
K4acK9meK18acK23ac,ARTKQTARKSTGGKAPRKQLATKAARKSAPATGGVKKPHRYRPGTVALRE,382000.59375,0,False
K9acK14acK18acK27acK36meK37ac,ARTKQTARKSTGGKAPRKQLATKAARKSAPATGGVKKPHRYRPGTVALR,85907.5,0,False
S10p,ARTKQTARKSTGGKAPRKQLATKAARKSAPSTGGVKKPHRYRPGTVALRE,756176.79299,0,False
K9me3K18acK23me3K27acK36me2,ARTKQTARKSTGGKAPRKQLATKAARKSAPATGGVKKPHRYRPGTVALR,197328.51563,0,False
K9me3K18acK23me3K36acK37me2,ARTKQTARKSTGGKAPRKQLATKAARKSAPATGGVKKPHRYRPGTVALR,791739.6875,0,False
K4me3S10pK14acK23acK27ac,ARTKQTARKSTGGKAPRKQLATKAARKSAPATGGVKKPHRYRPGTVALRE,203635.65625,0,False
K9me3K18acK23acK36acK37me2,ARTKQTARKSTGGKAPRKQLATKAARKSAPATGGVKKPHRYRPGTVALR,333541.21875,0,False
S10pK18me,ARTKQTARKSTGGKAPRKQLATKAARKSAPSTGGVKKPHRYRPGTVALRE,1123321.18751,0,False
S10pK27me,ARTKQTARKSTGGKAPRKQLATKAARKSAPSTGGVKKPHRYRPGTVALRE,413656.93751,0,False
K9me3K18acK27me3K36acK37me2,ARTKQTARKSTGGKAPRKQLATKAARKSAPATGGVKKPHRYRPGTVALR,729529.65625,0,False
S10pK18acK23me3K27me3K36ac,ARTKQTARKSTGGKAPRKQLATKAARKSAPATGGVKKPHRYRPGTVALR,799459.1875,0,False
K9meS10pK23meK27me,ARTKQTARKSTGGKAPRKQLATKAARKSAPATGGVKKPHRYRPGTVALRE,50244.1875,0,False
K9me3K18acK23acK27me2K36ac,ARTKQTARKSTGGKAPRKQLATKAARKSAPATGGVKKPHRYRPGTVALR,684443.28125,0,False
K9acK14meK27me2,ARTKQTARKSTGGKAPRKQLATKAARKSAPSTGGVKKPHRYRPGTVALRE,821734.0625,0,False
K9meK18acK27me2,ARTKQTARKSTGGKAPRKQLATKAARKSAPSTGGVKKPHRYRPGTVALRE,1192298.75,0,False
S10pK14meK27me2,ARTKQTARKSTGGKAPRKQLATKAARKSAPATGGVKKPHRYRPGTVALRE,59899.47656,0,False
K9me3K18acK23meK27acK36acK37me,ARTKQTARKSTGGKAPRKQLATKAARKSAPATGGVKKPHRYRPGTVALR,1100721.875,0,False
K9meK14me2K18me2K23me2,ARTKQTARKSTGGKAPRKQLATKAARKSAPATGGVKKPHRYRPGTVALRE,1568547.0,0,False
S10pK18meK23me2,ARTKQTARKSTGGKAPRKQLATKAARKSAPSTGGVKKPHRYRPGTVALRE,123192.66406,0,False
K9acK14meK23ac,ARTKQTARKSTGGKAPRKQLATKAARKSAPATGGVKKPHRYRPGTVALRE,400009.53125,0,False
K9acK14meK27ac,ARTKQTARKSTGGKAPRKQLATKAARKSAPATGGVKKPHRYRPGTVALRE,695139.25,0,False
K4me3K9acK14meK23me3,ARTKQTARKSTGGKAPRKQLATKAARKSA,10955702.0,0,False
K4me3K9acK14me2K23acK27meS28p,ARTKQTARKSTGGKAPRKQLATKAARKSAPATGGVKKPHRYRPGTVALRE,100707.49219,0,False
K14acK18me3K23me3K27me,ARTKQTARKSTGGKAPRKQLATKAARKSA,24304975.0,0,False
S10pK36meK37me,ARTKQTARKSTGGKAPRKQLATKAARKSAPSTGGVKKPHRYRPGTVALRE,126785.53125,0,False
K4meK9me2K14acK23me3K27me,ARTKQTARKSTGGKAPRKQLATKAARKSA,12090915.0,0,False
K9acK23me3K27me3,ARTKQTARKSTGGKAPRKQLATKAARKSAPATGGVKKPHRYRPGTVALR,105868.21875,0,False
K4me3K9acK14acK18acK23meK36me,ARTKQTARKSTGGKAPRKQLATKAARKSAPSTGGVKKPHRYRPGTVALRE,1061943.125,0,False
S10pS28p,ARTKQTARKSTGGKAPRKQLATKAARKSA,1000955.375,0,False
K4me3K9me3K18acK23me,ARTKQTARKSTGGKAPRKQLATKAARKSAPATGGVKKPHRYRPGTVALRE,43934.60156,0,False
K9me2K14meK23me2K27me2,ARTKQTARKSTGGKAPRKQLATKAARKSAPSTGGVKKPHRYRPGTVALRE,80379.07813,0,False
K4me3K9acK14me3K18acK27ac,ARTKQTARKSTGGKAPRKQLATKAARKSAPATGGVKKPHRYRPGTVALRE,566731.5625,0,False
K9me2K14acK18ac,ARTKQTARKSTGGKAPRKQLATKAARKSAPATGGVKKPHRYRPGTVALRE,89562.14063,0,False
K9acK14acK18me2,ARTKQTARKSTGGKAPRKQLATKAARKSAPATGGVKKPHRYRPGTVALRE,1480504.96875,0,False
S10pK18meK27meK36me,ARTKQTARKSTGGKAPRKQLATKAARKSAPATGGVKKPHRYRPGTVALRE,95738.26563,0,False
K4me3K9me3K14acK18acK27me2,ARTKQTARKSTGGKAPRKQLATKAARKSAPSTGGVKKPHRYRPGTVALRE,137510.95313,0,False
K9meK14me2,ARTKQTARKSTGGKAPRKQLATKAARKSAPATGGVKKPHRYRPGTVALRE,326490.0,0,False
K14meK18me2,ARTKQTARKSTGGKAPRKQLATKAARKSAPATGGVKKPHRYRPGTVALRE,373648.21875,0,False
S10pK18meK27me,ARTKQTARKSTGGKAPRKQLATKAARKSAPSTGGVKKPHRYRPGTVALRE,690490.65625,0,False
S10pK18meK23me,ARTKQTARKSTGGKAPRKQLATKAARKSAPSTGGVKKPHRYRPGTVALRE,326765.34375,0,False
K9acK14acK18ac,ARTKQTARKSTGGKAPRKQLATKAARKSAPATGGVKKPHRYRPGTVALR,99459.78906,0,False
K9meK14me3K18acK23acK27me2,ARTKQTARKSTGGKAPRKQLATKAARKSAPATGGVKKPHRYRPGTVALRE,117249.5625,0,False
S1pK5meK12me,SGRGKGGKGLGKGGAKR,421869.125,0,False
K4me3K9me3K14acK23acK37me2,ARTKQTARKSTGGKAPRKQLATKAARKSAPATGGVKKPHRYRPGTVALR,47046.94141,0,False
S28p,ARTKQTARKSTGGKAPRKQLATKAARKSAPSTGGVKKPHRYRPGTVALRE,2729311.9609499997,0,False
K4me3K14me3K18me,ARTKQTARKSTGGKAPRKQLATKAARKSAPATGGVKKPHRYRPGTVALRE,224550.84375,0,False
K4me3,ARTKQTARKSTGGKAPRKQLATKAARKSAPATGGVKKPHRYRPGTVALRE,130826167.31251001,0,False
K4me3K14acK18acK23meK27me2K36me2,ARTKQTARKSTGGKAPRKQLATKAARKSAPATGGVKKPHRYRPGTVALR,26188.52148,0,False
K4me3K9acK14acK18meK23me2S28p,ARTKQTARKSTGGKAPRKQLATKAARKSAPSTGGVKKPHRYRPGTVALRE,147896.03125,0,False
K9acK14meK23me2,ARTKQTARKSTGGKAPRKQLATKAARKSAPSTGGVKKPHRYRPGTVALRE,345891.15625,0,False
K4me3K9acK14me3,ARTKQTARKSTGGKAPRKQLATKAARKSAPATGGVKKPHRYRPGTVALRE,319713.46875,0,False
K4me3K9acK23meK27me2,ARTKQTARKSTGGKAPRKQLATKAARKSAPATGGVKKPHRYRPGTVALRE,20382154.34375,0,False
K4me3K9acK23ac,ARTKQTARKSTGGKAPRKQLATKAARKSAPATGGVKKPHRYRPGTVALRE,943447.14063,0,False
K4me3K9meS10pK14me2K27acK36me3,ARTKQTARKSTGGKAPRKQLATKAARKSAPSTGGVKKPHRYRPGTVALRE,305407.5625,0,False
K9meK14acK18ac,ARTKQTARKSTGGKAPRKQLATKAARKSAPATGGVKKPHRYRPGTVALRE,1253080.75,0,False
K4acS10pK14me2,ARTKQTARKSTGGKAPRKQLATKAARKSAPATGGVKKPHRYRPGTVALR,113794.27344,0,False
K4me3S10pK18acK27acK36meK37me2,ARTKQTARKSTGGKAPRKQLATKAARKSAPSTGGVKKPHRYRPGTVALRE,66239.00781,0,False
K9acK18me3K23acK36ac,ARTKQTARKSTGGKAPRKQLATKAARKSAPATGGVKKPHRYRPGTVALR,56178.35547,0,False
K4me3K9acS10pS28pS31p,ARTKQTARKSTGGKAPRKQLATKAARKSAPSTGGVKKPHRYRPGTVALRE,1173264.29688,0,False
K4me3K9meS10pK14me,ARTKQTARKSTGGKAPRKQLATKAARKSAPATGGVKKPHRYRPGTVALR,46733.31641,0,False
K4me3K9acK14acK18acK23me3K27me3,ARTKQTARKSTGGKAPRKQLATKAARKSAPSTGGVKKPHRYRPGTVALRE,2342640.5,0,False
K4me3K9acK14acK18acK27me3K36ac,ARTKQTARKSTGGKAPRKQLATKAARKSAPSTGGVKKPHRYRPGTVALRE,1446647.625,0,False
K5me3,SGRGKGGKGLGKGGAKR,1007321.3125,0,False
K4me3K9acK14acK18acK36me2K37me2,ARTKQTARKSTGGKAPRKQLATKAARKSAPSTGGVKKPHRYRPGTVALRE,1709853.125,0,False
K9acK14acK18acK27me2K36me2,ARTKQTARKSTGGKAPRKQLATKAARKSAPSTGGVKKPHRYRPGTVALRE,918884.96875,0,False
S10pS28p,ARTKQTARKSTGGKAPRKQLATKAARKSAPAT,53431.48047,0,False
K4me3K14me3K18me3K23me3K27acK36me2,ARTKQTARKSTGGKAPRKQLATKAARKSAPSTGGVKKPHRYRPGTVALRE,350407.84375,0,False
K4me3K9acK14acK18me3K23acK27me,ARTKQTARKSTGGKAPRKQLATKAARKSAPSTGGVKKPHRYRPGTVALRE,569321.25,0,False
K4me3K9me3K14acK18acK23acK27me2,ARTKQTARKSTGGKAPRKQLATKAARKSAPSTGGVKKPHRYRPGTVALRE,1074506.0703200002,0,False
K4me3K9acK14acK18acK23acK27me2,ARTKQTARKSTGGKAPRKQLATKAARKSAPSTGGVKKPHRYRPGTVALRE,2187180.84376,0,False
K4me3K9acK14acK18acK23me2K27ac,ARTKQTARKSTGGKAPRKQLATKAARKSAPSTGGVKKPHRYRPGTVALRE,502913.75,0,False
S1pK5acK9me2K14me3K18acS19p,STGGKAPRKQLATKAARKSAPATGGVKKPHRYRPGTVALRE,175090.28125,0,False
K4me3K9acK14acK18acK27me,ARTKQTARKSTGGKAPRKQLATKAARKSAPATGGVKKPHRYRPGTVALRE,494443.6875,0,False
K4me3K9acK14acK18acK23me,ARTKQTARKSTGGKAPRKQLATKAARKSAPATGGVKKPHRYRPGTVALRE,831010.8125,0,False
K9acK14acK18acK27me3K36me,ARTKQTARKSTGGKAPRKQLATKAARKSAPSTGGVKKPHRYRPGTVALRE,574954.5,0,False
K4me3K9acK14me2K18acK23acK27ac,ARTKQTARKSTGGKAPRKQLATKAARKSAPSTGGVKKPHRYRPGTVALRE,905521.6875,0,False
S10pK14meK27me2S28pS31p,ARTKQTARKSTGGKAPRKQLATKAARKSAPSTGGVKKPHRYRPGTVALRE,129661.61719,0,False
K4me3K9acK14acK18me2K23me,ARTKQTARKSTGGKAPRKQLATKAARKSAPATGGVKKPHRYRPGTVALRE,162555.17188,0,False
K4me3K9acK14acK18ac,ARTKQTARKSTGGKAPRKQLATKAARKSAPATGGVKKPHRYRPGTVALRE,200878570.75782,0,False
K4me3K9acK14acK23ac,ARTKQTARKSTGGKAPRKQLATKAARKSAPATGGVKKPHRYRPGTVALRE,15874460.69531,0,False
K4me3S10pK14acK23me2K27me2S28p,ARTKQTARKSTGGKAPRKQLATKAARKSAPATGGVKKPHRYRPGTVALRE,3195759.5,0,False
K4me3S10pK18acK23me2K27me2S28p,ARTKQTARKSTGGKAPRKQLATKAARKSAPATGGVKKPHRYRPGTVALRE,197954.28125,0,False
K4me3K9acK14me3K18acK23acK27me2,ARTKQTARKSTGGKAPRKQLATKAARKSAPSTGGVKKPHRYRPGTVALRE,755670.375,0,False
K9acK14acK18acK23acK36meK37me2,ARTKQTARKSTGGKAPRKQLATKAARKSAPSTGGVKKPHRYRPGTVALRE,2570652.0,0,False
K4me3K9acK14acK18acK23meK27ac,ARTKQTARKSTGGKAPRKQLATKAARKSAPSTGGVKKPHRYRPGTVALRE,1202894.625,0,False
K4me3K9acK14acK18me3K23me3K27ac,ARTKQTARKSTGGKAPRKQLATKAARKSAPSTGGVKKPHRYRPGTVALRE,719384.5625,0,False
K4me3K9acK14acK23acK27me,ARTKQTARKSTGGKAPRKQLATKAARKSAPATGGVKKPHRYRPGTVALRE,1000454.17188,0,False
K9acK14acK18me3K23acK27me,ARTKQTARKSTGGKAPRKQLATKAARKSAPSTGGVKKPHRYRPGTVALRE,1004025.125,0,False
K9meK14acS28p,ARTKQTARKSTGGKAPRKQLATKAARKSAPSTGGVKKPHRYRPGTVALRE,78730.09375,0,False
K5me3K14acK18me3K27acK28ac,STGGKAPRKQLATKAARKSAPATGGVKKPHRYRPGTVALRE,155968.5625,0,False
K4me3K9acK14acK18meK23acK27me,ARTKQTARKSTGGKAPRKQLATKAARKSAPATGGVKKPHRYRPGTVALRE,713851.625,0,False
K4me3K9acK14acK23acK27me2,ARTKQTARKSTGGKAPRKQLATKAARKSAPATGGVKKPHRYRPGTVALRE,391164.84375,0,False
K9acK14acK23me2,ARTKQTARKSTGGKAPRKQLATKAARKSAPSTGGVKKPHRYRPGTVALRE,2382924.5,0,False
K9acK14acK27me2,ARTKQTARKSTGGKAPRKQLATKAARKSAPSTGGVKKPHRYRPGTVALRE,789812.3125,0,False
K4me3K9acK14acK18acK23me,ARTKQTARKSTGGKAPRKQLATKAARKSAPSTGGVKKPHRYRPGTVALRE,469424.25,0,False
K9acK14acK18ac,ARTKQTARKSTGGKAPRKQLATKAARKSAPATGGVKKPHRYRPGTVALRE,149616249.51568007,0,False
K9meS10pK14me2K18me2,ARTKQTARKSTGGKAPRKQLATKAARKSAPATGGVKKPHRYRPGTVALRE,614985.75,0,False
K4me3K9acK23acK27me,ARTKQTARKSTGGKAPRKQLATKAARKSAPATGGVKKPHRYRPGTVALRE,488744.5625,0,False
K4acK9acK14me2K18meK23me2,ARTKQTARKSTGGKAPRKQLATKAARKSAPATGGVKKPHRYRPGTVALRE,1060719.875,0,False
K9acK14acK18acK23me,ARTKQTARKSTGGKAPRKQLATKAARKSAPATGGVKKPHRYRPGTVALRE,651990.60938,0,False
K9acK14acK18me3K23ac,ARTKQTARKSTGGKAPRKQLATKAARKSAPSTGGVKKPHRYRPGTVALRE,941034.5,0,False
K5me3K9acK14acK18meK27me2K28me2,STGGKAPRKQLATKAARKSAPATGGVKKPHRYRPGTVALRE,2752027.5,0,False
K4me3K9acK14acK23ac,ARTKQTARKSTGGKAPRKQLATKAARKSAPSTGGVKKPHRYRPGTVALRE,1446313.22656,0,False
K4me3K9acK14acK23meK27me2,ARTKQTARKSTGGKAPRKQLATKAARKSAPATGGVKKPHRYRPGTVALRE,25197194.6875,0,False
K9acK14acK18ac,ARTKQTARKSTGGKAPRKQLATKAARKSAPSTGGVKKPHRYRPGTVALRE,1011712.0,0,False
K9acK14acK23meK27me2,ARTKQTARKSTGGKAPRKQLATKAARKSAPSTGGVKKPHRYRPGTVALRE,439282.15625,0,False
S10pK23acK27me,ARTKQTARKSTGGKAPRKQLATKAARKSAPSTGGVKKPHRYRPGTVALRE,97599.6875,0,False
K4me3K9meK14me3K27acK36me2K37me,ARTKQTARKSTGGKAPRKQLATKAARKSAPATGGVKKPHRYRPGTVALRE,246807.46875,0,False
S10pK23meK27me3,ARTKQTARKSTGGKAPRKQLATKAARKSAPSTGGVKKPHRYRPGTVALRE,216735.25,0,False
K4me3K9acK14meK23me2,ARTKQTARKSTGGKAPRKQLATKAARKSAPSTGGVKKPHRYRPGTVALRE,651672.5625,0,False
K9me3S10pK14acK27acS28pS31p,ARTKQTARKSTGGKAPRKQLATKAARKSAPSTGGVKKPHRYRPGTVALRE,460893.09375,0,False
S10pK23meK27meS28p,ARTKQTARKSTGGKAPRKQLATKAARKSAPATGGVKKPHRYRPGTVALRE,884204.6875,0,False
K9acK14acK23me2,ARTKQTARKSTGGKAPRKQLATKAARKSAPATGGVKKPHRYRPGTVALRE,1529987.3125,0,False
K4acK14acK18acK23me2,ARTKQTARKSTGGKAPRKQLATKAARKSAPATGGVKKPHRYRPGTVALRE,799736.25,0,False
K9acK18acK23me2,ARTKQTARKSTGGKAPRKQLATKAARKSAPATGGVKKPHRYRPGTVALRE,166707.64063,0,False
K4me3K9acS10p,ARTKQTARKSTGGKAPRKQLATKAARKSAPATGGVKKPHRYRPGTVALRE,1266320.75001,0,False
K9acS28p,ARTKQTARKSTGGKAPRKQLATKAARKSAPSTGGVKKPHRYRPGTVALRE,128677.05469,0,False
K4acK9meK14acK18me2K23me2,ARTKQTARKSTGGKAPRKQLATKAARKSAPATGGVKKPHRYRPGTVALRE,311999.96875,0,False
K14acK18me3K23acK27acK36ac,ARTKQTARKSTGGKAPRKQLATKAARKSAPATGGVKKPHRYRPGTVALR,123086.23438,0,False
K9acK18acK36me2,ARTKQTARKSTGGKAPRKQLATKAARKSAPATGGVKKPHRYRPGTVALRE,806354.1875,0,False
K9acK14acS28p,ARTKQTARKSTGGKAPRKQLATKAARKSAPSTGGVKKPHRYRPGTVALRE,137206.29688,0,False
K2me3K7acK11acK20me,RKQLATKAARKSAPATGGVKKPHRYRPGTVALRE,2870858.0,0,False
K14acK18acK23me2,ARTKQTARKSTGGKAPRKQLATKAARKSAPATGGVKKPHRYRPGTVALRE,1745984.07813,0,False
K9acK14acK18me3K23acK27me2K36me2,ARTKQTARKSTGGKAPRKQLATKAARKSAPATGGVKKPHRYRPGTVALR,105140.44531,0,False
K23meK27me2,ARTKQTARKSTGGKAPRKQLATKAARKSAPSTGGVKKPHRYRPGTVALRE,533954.34375,0,False
K4me3K9acK14acK23me3,ARTKQTARKSTGGKAPRKQLATKAARKSAPATGGVKKPHRYRPGTVALRE,5457873.4375,0,False
K9acK18me,ARTKQTARKSTGGKAPRKQLATKAARKSAPATGGVKKPHRYRPGTVALRE,440201.14063,0,False
K9ac,ARTKQTARKSTGGKAPRKQLATKAARKSAPSTGGVKKPHRYRPGTVALRE,488896.59375,0,False
K9acK14acK18acK27me3K36me,ARTKQTARKSTGGKAPRKQLATKAARKSAPATGGVKKPHRYRPGTVALR,69976.78906,0,False
K9acK14acK18acK27acK36me,ARTKQTARKSTGGKAPRKQLATKAARKSAPATGGVKKPHRYRPGTVALR,25539.33984,0,False
K4me3K9acK14acK18meK23me,ARTKQTARKSTGGKAPRKQLATKAARKSAPSTGGVKKPHRYRPGTVALRE,1308970.75,0,False
K4me3K9acK14acK23me2,ARTKQTARKSTGGKAPRKQLATKAARKSAPSTGGVKKPHRYRPGTVALRE,1308582.78125,0,False
K9acK14acK18acK27meK36ac,ARTKQTARKSTGGKAPRKQLATKAARKSAPATGGVKKPHRYRPGTVALR,201268.96094,0,False
K9acK14acK18acK23meK36ac,ARTKQTARKSTGGKAPRKQLATKAARKSAPATGGVKKPHRYRPGTVALR,33010.40234,0,False
K4me3K9acK14me,ARTKQTARKSTGGKAPRKQLATKAARKSAPATGGVKKPHRYRPGTVALRE,443827.73438000004,0,False
K4me3K9acK18me,ARTKQTARKSTGGKAPRKQLATKAARKSAPATGGVKKPHRYRPGTVALRE,240028.14063,0,False
K4me3K9meK23ac,ARTKQTARKSTGGKAPRKQLATKAARKSAPATGGVKKPHRYRPGTVALRE,242121.04688,0,False
K4me3K9acK14me3K23meK36me2K37me2,ARTKQTARKSTGGKAPRKQLATKAARKSAPATGGVKKPHRYRPGTVALR,100993.33594,0,False
K4me3S10pK23me2,ARTKQTARKSTGGKAPRKQLATKAARKSAPSTGGVKKPHRYRPGTVALRE,182054.82813,0,False
K4me3S10pK23meK27me,ARTKQTARKSTGGKAPRKQLATKAARKSAPSTGGVKKPHRYRPGTVALRE,561326.1875,0,False
K9meK14ac,ARTKQTARKSTGGKAPRKQLATKAARKSAPATGGVKKPHRYRPGTVALRE,1400559.64064,0,False
K14acK18me,ARTKQTARKSTGGKAPRKQLATKAARKSAPATGGVKKPHRYRPGTVALRE,1380275.04688,0,False
K4me3K18meK23ac,ARTKQTARKSTGGKAPRKQLATKAARKSAPATGGVKKPHRYRPGTVALRE,654621.6875,0,False
K4me3K9me3K18acK36me3K37me2,ARTKQTARKSTGGKAPRKQLATKAARKSAPATGGVKKPHRYRPGTVALR,129144.94531,0,False
K4meK14acK18ac,ARTKQTARKSTGGKAPRKQLATKAARKSAPATGGVKKPHRYRPGTVALRE,353349.875,0,False
K4me3K9me3K14ac,ARTKQTARKSTGGKAPRKQLATKAARKSAPATGGVKKPHRYRPGTVALR,272097.53125,0,False
K9me3K18acK23acK36me2,ARTKQTARKSTGGKAPRKQLATKAARKSAPATGGVKKPHRYRPGTVALR,256784.8125,0,False
K9me3K14acK23me3K27meK36me,ARTKQTARKSTGGKAPRKQLATKAARKSAPATGGVKKPHRYRPGTVALR,250839.35938,0,False
K4me3K9meK23me2,ARTKQTARKSTGGKAPRKQLATKAARKSAPSTGGVKKPHRYRPGTVALRE,492554.0,0,False
K14acK23me,ARTKQTARKSTGGKAPRKQLATKAARKSAPATGGVKKPHRYRPGTVALRE,992097.4375100001,0,False
K18acK23me,ARTKQTARKSTGGKAPRKQLATKAARKSAPATGGVKKPHRYRPGTVALRE,409993.26563000004,0,False
K9acK14me3K23me2K36ac,ARTKQTARKSTGGKAPRKQLATKAARKSAPATGGVKKPHRYRPGTVALR,353357.59375,0,False
K9acK14me3K18me3K36me3K37me,ARTKQTARKSTGGKAPRKQLATKAARKSAPATGGVKKPHRYRPGTVALR,233069.14063,0,False
K9acK14acK18me2K36ac,ARTKQTARKSTGGKAPRKQLATKAARKSAPATGGVKKPHRYRPGTVALR,25357.18555,0,False
K9me3K14meK18acK23me3K27ac,ARTKQTARKSTGGKAPRKQLATKAARKSAPATGGVKKPHRYRPGTVALR,188755.42188,0,False
K4acK9me2K14me3K18me3,ARTKQTARKSTGGKAPRKQLATKAARKSAPATGGVKKPHRYRPGTVALR,306148.40625,0,False
K9acK14me2K36me3K37ac,ARTKQTARKSTGGKAPRKQLATKAARKSAPATGGVKKPHRYRPGTVALR,153827.875,0,False
K9me2K14me2K18me2K23me2K27me2K36ac,ARTKQTARKSTGGKAPRKQLATKAARKSAPATGGVKKPHRYRPGTVALR,277052.6875,0,False
K4me3K9acK14me3K18meK27acK36me2,ARTKQTARKSTGGKAPRKQLATKAARKSAPATGGVKKPHRYRPGTVALR,67121.75781,0,False
K4me3K9meS10pK14meS28pS31p,ARTKQTARKSTGGKAPRKQLATKAARKSAPSTGGVKKPHRYRPGTVALRE,381769.96875,0,False
K4me3K9meS10pK27meS28pS31p,ARTKQTARKSTGGKAPRKQLATKAARKSAPSTGGVKKPHRYRPGTVALRE,375120.59375,0,False
K4acK9me,ARTKQTARKSTGGKAPRKQLATKAARKSAPATGGVKKPHRYRPGTVALRE,215509.29688,0,False
K9acS10pK18acK23acK27acS28p,ARTKQTARKSTGGKAPRKQLATKAARKSAPATGGVKKPHRYRPGTVALRE,371831.09375,0,False
K4me3K9me3S10pK18acK23acS28p,ARTKQTARKSTGGKAPRKQLATKAARKSAPATGGVKKPHRYRPGTVALRE,276240.6875,0,False
K4me3K9acK14acS28p,ARTKQTARKSTGGKAPRKQLATKAARKSAPSTGGVKKPHRYRPGTVALRE,56920.722649999996,0,False
K4me3K9acK14acK27acK36me2K37me2,ARTKQTARKSTGGKAPRKQLATKAARKSAPATGGVKKPHRYRPGTVALRE,929982.6875100001,0,False
K4me3K9acK14acK23me3K36me2K37me2,ARTKQTARKSTGGKAPRKQLATKAARKSAPSTGGVKKPHRYRPGTVALRE,103267.07031,0,False
K4me3K9acK14acK23acK36me2K37me2,ARTKQTARKSTGGKAPRKQLATKAARKSAPSTGGVKKPHRYRPGTVALRE,2421608.96875,0,False
K4me3K9me3S10pK18me3K23acS28p,ARTKQTARKSTGGKAPRKQLATKAARKSAPATGGVKKPHRYRPGTVALRE,560312.1875,0,False
K4me3K9acS10pK23acK27acS28p,ARTKQTARKSTGGKAPRKQLATKAARKSAPATGGVKKPHRYRPGTVALRE,1410531.9375,0,False
K4me3K9acK14acK23acK27acK36ac,ARTKQTARKSTGGKAPRKQLATKAARKSAPSTGGVKKPHRYRPGTVALRE,760056.5625,0,False
K9acK14acK27acK36meK37me2,ARTKQTARKSTGGKAPRKQLATKAARKSAPSTGGVKKPHRYRPGTVALRE,819481.4375,0,False
K9acK14acK27me2K36me2K37me2,ARTKQTARKSTGGKAPRKQLATKAARKSAPSTGGVKKPHRYRPGTVALRE,833102.0625,0,False
K4meS10pS28pS31p,ARTKQTARKSTGGKAPRKQLATKAARKSAPSTGGVKKPHRYRPGTVALRE,597866.125,0,False
K4me3K9acK14acK23me2K27me2,ARTKQTARKSTGGKAPRKQLATKAARKSAPSTGGVKKPHRYRPGTVALRE,1170079.3125,0,False
K4me3K9acK14acK36me2K37me2,ARTKQTARKSTGGKAPRKQLATKAARKSAPSTGGVKKPHRYRPGTVALRE,3306765.8125,0,False
K4me3K9acK14acK27me2K36me2,ARTKQTARKSTGGKAPRKQLATKAARKSAPSTGGVKKPHRYRPGTVALRE,1004798.3125,0,False
K4me3K9acK14acK23acK27me3K36ac,ARTKQTARKSTGGKAPRKQLATKAARKSAPSTGGVKKPHRYRPGTVALRE,1136396.25,0,False
K4me3K9acK14acK27me2K36me2K37me2,ARTKQTARKSTGGKAPRKQLATKAARKSAPSTGGVKKPHRYRPGTVALRE,851844.25,0,False
K4me3K9acK14acK23me2K36me2K37me2,ARTKQTARKSTGGKAPRKQLATKAARKSAPSTGGVKKPHRYRPGTVALRE,1519688.53125,0,False
K4me3K9acK14acK23acK27me3K36me2,ARTKQTARKSTGGKAPRKQLATKAARKSAPSTGGVKKPHRYRPGTVALRE,148301.84375,0,False
K4me3K9acK14acK23acK27acK36me2,ARTKQTARKSTGGKAPRKQLATKAARKSAPSTGGVKKPHRYRPGTVALRE,241687.01563,0,False
K4me3K9acK14acK23me2K36me2K37ac,ARTKQTARKSTGGKAPRKQLATKAARKSAPSTGGVKKPHRYRPGTVALRE,573642.6875,0,False
K4me3K9acK14acK23me3K27me3,ARTKQTARKSTGGKAPRKQLATKAARKSAPSTGGVKKPHRYRPGTVALRE,662160.4375,0,False
K9acK14acK27acK36me2K37me2,ARTKQTARKSTGGKAPRKQLATKAARKSAPATGGVKKPHRYRPGTVALRE,149726.60938,0,False
K9acK14acK27me2K36me2,ARTKQTARKSTGGKAPRKQLATKAARKSAPSTGGVKKPHRYRPGTVALRE,1088549.125,0,False
K9acK14acK36me2K37me2,ARTKQTARKSTGGKAPRKQLATKAARKSAPSTGGVKKPHRYRPGTVALRE,2928318.5,0,False
K4me3K9acK14acK23acK27meK36me2,ARTKQTARKSTGGKAPRKQLATKAARKSAPSTGGVKKPHRYRPGTVALRE,3698309.6875,0,False
K9acK14acK23me2K27me2,ARTKQTARKSTGGKAPRKQLATKAARKSAPSTGGVKKPHRYRPGTVALRE,735470.8125,0,False
K4me3K9acK14acK36me2K37me,ARTKQTARKSTGGKAPRKQLATKAARKSAPSTGGVKKPHRYRPGTVALRE,545107.875,0,False
K4me3K9acK14acK36meK37me2,ARTKQTARKSTGGKAPRKQLATKAARKSAPSTGGVKKPHRYRPGTVALRE,806930.875,0,False
K4me3K9acK14acK27meK36me2,ARTKQTARKSTGGKAPRKQLATKAARKSAPSTGGVKKPHRYRPGTVALRE,2584508.5625,0,False
K4me3K9acK14acK27me3,ARTKQTARKSTGGKAPRKQLATKAARKSAPSTGGVKKPHRYRPGTVALRE,634551.625,0,False
K4me3K9acK14acK23acK27me2,ARTKQTARKSTGGKAPRKQLATKAARKSAPSTGGVKKPHRYRPGTVALRE,363476.78125,0,False
K4me3S10pK14acK27acS28pK36me,ARTKQTARKSTGGKAPRKQLATKAARKSAPATGGVKKPHRYRPGTVALRE,1241985.125,0,False
K4me3K9acK14acK23meK27me2,ARTKQTARKSTGGKAPRKQLATKAARKSAPSTGGVKKPHRYRPGTVALRE,1368292.375,0,False
K4me3K9acK14acK23me2K27me,ARTKQTARKSTGGKAPRKQLATKAARKSAPATGGVKKPHRYRPGTVALRE,3209665.75,0,False
K4me3K9acK14acK18me2K23acK27ac,ARTKQTARKSTGGKAPRKQLATKAARKSAPSTGGVKKPHRYRPGTVALRE,268899.25,0,False
K4me3K9acK14ac,ARTKQTARKSTGGKAPRKQLATKAARKSAPATGGVKKPHRYRPGTVALRE,88695624.95704001,0,False
K4me3K9acK18ac,ARTKQTARKSTGGKAPRKQLATKAARKSAPATGGVKKPHRYRPGTVALRE,395682.65625,0,False
K4me3K9acK14acK23me2K27ac,ARTKQTARKSTGGKAPRKQLATKAARKSAPATGGVKKPHRYRPGTVALRE,158880.82813,0,False
K4me3K9me2K14acK36me,ARTKQTARKSTGGKAPRKQLATKAARKSAPSTGGVKKPHRYRPGTVALRE,576816.6875,0,False
K4me3K9acK14acK23me,ARTKQTARKSTGGKAPRKQLATKAARKSAPSTGGVKKPHRYRPGTVALRE,860319.0625,0,False
K4me3K9acK14acK23me2,ARTKQTARKSTGGKAPRKQLATKAARKSAPATGGVKKPHRYRPGTVALRE,181263.625,0,False
K9acK23me2,ARTKQTARKSTGGKAPRKQLATKAARKSAPSTGGVKKPHRYRPGTVALRE,1668783.125,0,False
K9acK14ac,ARTKQTARKSTGGKAPRKQLATKAARKSAPATGGVKKPHRYRPGTVALRE,84924097.61721003,0,False
K9acK18ac,ARTKQTARKSTGGKAPRKQLATKAARKSAPATGGVKKPHRYRPGTVALRE,82233.13281,0,False
K9acK14ac,ARTKQTARKSTGGKAPRKQLATKAARKSAPSTGGVKKPHRYRPGTVALRE,1287608.25,0,False
K9acK14me3K23me2K27me,ARTKQTARKSTGGKAPRKQLATKAARKSAPSTGGVKKPHRYRPGTVALRE,249552.25,0,False
K9acK14acK23me2K27me2,ARTKQTARKSTGGKAPRKQLATKAARKSAPATGGVKKPHRYRPGTVALRE,390863.36719,0,False
K9acK14acK23acK27me,ARTKQTARKSTGGKAPRKQLATKAARKSAPATGGVKKPHRYRPGTVALRE,857474.7968900001,0,False
K14acK23me2,ARTKQTARKSTGGKAPRKQLATKAARKSAPATGGVKKPHRYRPGTVALRE,3162803.375,0,False
K4me3K9acK14me3K23meK27me2K36me2,ARTKQTARKSTGGKAPRKQLATKAARKSAPATGGVKKPHRYRPGTVALR,151326.17188,0,False
K4me3K9acK14me3K27acK36me2,ARTKQTARKSTGGKAPRKQLATKAARKSAPATGGVKKPHRYRPGTVALR,178741.0625,0,False
K14acK18acK23me2K27me2,ARTKQTARKSTGGKAPRKQLATKAARKSAPATGGVKKPHRYRPGTVALRE,349347.39063000004,0,False
K14me3K18me3K23acK27acK36me2,ARTKQTARKSTGGKAPRKQLATKAARKSAPATGGVKKPHRYRPGTVALR,198322.45313,0,False
K9acK14acK36acK37me,ARTKQTARKSTGGKAPRKQLATKAARKSAPATGGVKKPHRYRPGTVALRE,224231.85938,0,False
K9acK14me2,ARTKQTARKSTGGKAPRKQLATKAARKSAPATGGVKKPHRYRPGTVALRE,997086.0937600001,0,False
K9acK18me2,ARTKQTARKSTGGKAPRKQLATKAARKSAPATGGVKKPHRYRPGTVALRE,420134.21875,0,False
K14acK18me2,ARTKQTARKSTGGKAPRKQLATKAARKSAPATGGVKKPHRYRPGTVALRE,162444.67188,0,False
K14me2K18me2,ARTKQTARKSTGGKAPRKQLATKAARKSAPSTGGVKKPHRYRPGTVALRE,454089.03125,0,False
K4me3K9acK14me3K18me2K23meK27me2,ARTKQTARKSTGGKAPRKQLATKAARKSAPATGGVKKPHRYRPGTVALR,89494.46875,0,False
K14meK18acK23acK27acK36acK37me,ARTKQTARKSTGGKAPRKQLATKAARKSAPATGGVKKPHRYRPGTVALR,230578.21875,0,False
S10pK27ac,ARTKQTARKSTGGKAPRKQLATKAARKSAPSTGGVKKPHRYRPGTVALRE,1555925.34375,0,False
K9acK14meK23acK27me2K36me2K37me2,ARTKQTARKSTGGKAPRKQLATKAARKSAPATGGVKKPHRYRPGTVALR,93741.71875,0,False
K9acK14acK18me3K23me,ARTKQTARKSTGGKAPRKQLATKAARKSAPATGGVKKPHRYRPGTVALRE,196483.4375,0,False
K4me3K9meS10pK14me,ARTKQTARKSTGGKAPRKQLATKAARKSAPSTGGVKKPHRYRPGTVALRE,617796.5625,0,False
K4me3K9acK14acK23acK36acK37ac,ARTKQTARKSTGGKAPRKQLATKAARKSAPATGGVKKPHRYRPGTVALR,46787.10938,0,False
K9acK14acK23me2K27me2,ARTKQTARKSTGGKAPRKQLATKAARKSAPATGGVKKPHRYRPGTVALR,84502.07031,0,False
K9acK14acK18me2K23me2,ARTKQTARKSTGGKAPRKQLATKAARKSAPATGGVKKPHRYRPGTVALR,162891.35938,0,False
K9me3K27meK36acK37me,ARTKQTARKSTGGKAPRKQLATKAARKSAPATGGVKKPHRYRPGTVALR,90636.27344,0,False
K4me3K23acK27me2,ARTKQTARKSTGGKAPRKQLATKAARKSAPATGGVKKPHRYRPGTVALR,34490.66016,0,False
K9me3K14meK18acK23meK27me3K36me,ARTKQTARKSTGGKAPRKQLATKAARKSAPATGGVKKPHRYRPGTVALR,352064.71875,0,False
K9meK14me2K18me2K27me3K36me2,ARTKQTARKSTGGKAPRKQLATKAARKSAPATGGVKKPHRYRPGTVALR,112517.78125,0,False
K4acK9meK14me3K23meK27me3K36me,ARTKQTARKSTGGKAPRKQLATKAARKSAPATGGVKKPHRYRPGTVALR,182737.375,0,False
K9me3K14me2K18meK23me2K27me2,ARTKQTARKSTGGKAPRKQLATKAARKSAPATGGVKKPHRYRPGTVALR,98108.39844,0,False
K9acK14me3K18me3K27ac,ARTKQTARKSTGGKAPRKQLATKAARKSAPATGGVKKPHRYRPGTVALR,111862.8125,0,False
K14acK18acK23acK27me,ARTKQTARKSTGGKAPRKQLATKAARKSAPATGGVKKPHRYRPGTVALR,61101.60938,0,False
K9acK14me3K18meK23me2K36meK37me2,ARTKQTARKSTGGKAPRKQLATKAARKSAPATGGVKKPHRYRPGTVALR,126219.36719,0,False
K14acK18meK23me2K27me2K36me2,ARTKQTARKSTGGKAPRKQLATKAARKSAPATGGVKKPHRYRPGTVALR,67606.98438,0,False
K18me3K23me3K27meK36meK37me2,ARTKQTARKSTGGKAPRKQLATKAARKSAPATGGVKKPHRYRPGTVALR,96158.92969,0,False
K4me3K9meS10pK14me2K27me2S28p,ARTKQTARKSTGGKAPRKQLATKAARKSAPATGGVKKPHRYRPGTVALRE,385991.1875,0,False
K9me3K14me3K18meK23meK36me2,ARTKQTARKSTGGKAPRKQLATKAARKSAPATGGVKKPHRYRPGTVALR,25257.16211,0,False
K4me3K9acK23acK27acK36me2K37me2,ARTKQTARKSTGGKAPRKQLATKAARKSAPATGGVKKPHRYRPGTVALRE,229924.42188,0,False
K4meS10pK18meK23meS28pS31p,ARTKQTARKSTGGKAPRKQLATKAARKSAPSTGGVKKPHRYRPGTVALRE,114115.64063,0,False
K4meK9me3K14me3K18me2K36me,ARTKQTARKSTGGKAPRKQLATKAARKSAPATGGVKKPHRYRPGTVALR,51242.17188,0,False
K4me3K9acK23me3K27me3K36acK37me,ARTKQTARKSTGGKAPRKQLATKAARKSAPATGGVKKPHRYRPGTVALRE,332862.65625,0,False
K4me3K9acS10pK23meS28p,ARTKQTARKSTGGKAPRKQLATKAARKSAPATGGVKKPHRYRPGTVALRE,317959.46875,0,False
K4me3K9acK27me2K36me2K37me2,ARTKQTARKSTGGKAPRKQLATKAARKSAPSTGGVKKPHRYRPGTVALRE,547874.0625,0,False
K4me3K9acK23me2K27me3K36acK37me2,ARTKQTARKSTGGKAPRKQLATKAARKSAPATGGVKKPHRYRPGTVALRE,250370.03125,0,False
K4me3K9acK23meK27me2K36me2K37me2,ARTKQTARKSTGGKAPRKQLATKAARKSAPSTGGVKKPHRYRPGTVALRE,401504.84375,0,False
K4me3K9acK23me3K36me2K37me2,ARTKQTARKSTGGKAPRKQLATKAARKSAPSTGGVKKPHRYRPGTVALRE,1861699.3125,0,False
K4me3K9acK23acK36me2K37me2,ARTKQTARKSTGGKAPRKQLATKAARKSAPSTGGVKKPHRYRPGTVALRE,655231.8125,0,False
K4me3K9acK23meK27acK36meK37me2,ARTKQTARKSTGGKAPRKQLATKAARKSAPATGGVKKPHRYRPGTVALRE,215224.17188,0,False
S10pK23me2S28pS31p,ARTKQTARKSTGGKAPRKQLATKAARKSAPSTGGVKKPHRYRPGTVALRE,313342.0625,0,False
K4me3K9acK18acK23acK27me2,ARTKQTARKSTGGKAPRKQLATKAARKSAPATGGVKKPHRYRPGTVALRE,1853467.125,0,False
K4me3K9acK27acK36me2K37me2,ARTKQTARKSTGGKAPRKQLATKAARKSAPATGGVKKPHRYRPGTVALRE,317949.15625,0,False
K4me3K9acK23acK27acK36me,ARTKQTARKSTGGKAPRKQLATKAARKSAPATGGVKKPHRYRPGTVALRE,266474.90625,0,False
K4me3K9acK18me3K23acK27ac,ARTKQTARKSTGGKAPRKQLATKAARKSAPSTGGVKKPHRYRPGTVALRE,1818251.9375,0,False
K4me3K9acK18acK23acK27ac,ARTKQTARKSTGGKAPRKQLATKAARKSAPSTGGVKKPHRYRPGTVALRE,853000.125,0,False
K4me3K9acK27me2K36me2,ARTKQTARKSTGGKAPRKQLATKAARKSAPSTGGVKKPHRYRPGTVALRE,2140663.7031300003,0,False
K4me3K9acK23meK27me3,ARTKQTARKSTGGKAPRKQLATKAARKSAPSTGGVKKPHRYRPGTVALRE,1184257.25,0,False
K4me3K9acK23acK27me2K36me2,ARTKQTARKSTGGKAPRKQLATKAARKSAPSTGGVKKPHRYRPGTVALRE,1284144.625,0,False
K4me3K9acK23acK27me2K36me2K37me2,ARTKQTARKSTGGKAPRKQLATKAARKSAPSTGGVKKPHRYRPGTVALRE,1463346.9375,0,False
K14acK27me2K36me2,ARTKQTARKSTGGKAPRKQLATKAARKSAPSTGGVKKPHRYRPGTVALRE,576809.1875,0,False
K14acK36me2K37me2,ARTKQTARKSTGGKAPRKQLATKAARKSAPSTGGVKKPHRYRPGTVALRE,1906289.125,0,False
K14acK27acK36me2K37me2,ARTKQTARKSTGGKAPRKQLATKAARKSAPATGGVKKPHRYRPGTVALRE,673501.0625,0,False
K4me3K9acK23me2K36me2K37me2,ARTKQTARKSTGGKAPRKQLATKAARKSAPSTGGVKKPHRYRPGTVALRE,1294890.625,0,False
K9acK23me2K27ac,ARTKQTARKSTGGKAPRKQLATKAARKSAPATGGVKKPHRYRPGTVALRE,158238.5625,0,False
K4me3K9acK23acK36me2K37ac,ARTKQTARKSTGGKAPRKQLATKAARKSAPSTGGVKKPHRYRPGTVALRE,144225.25,0,False
K4me3K9acK23acK27me2,ARTKQTARKSTGGKAPRKQLATKAARKSAPATGGVKKPHRYRPGTVALRE,1153256.125,0,False
K4me3K9acK23me2K27me2K36me2,ARTKQTARKSTGGKAPRKQLATKAARKSAPSTGGVKKPHRYRPGTVALRE,3746306.25,0,False
K14acK23me2K27me2,ARTKQTARKSTGGKAPRKQLATKAARKSAPSTGGVKKPHRYRPGTVALRE,1948911.28126,0,False
K14acK23acK27me,ARTKQTARKSTGGKAPRKQLATKAARKSAPSTGGVKKPHRYRPGTVALRE,387205.59375,0,False
K4me3K9acK23meK27me2,ARTKQTARKSTGGKAPRKQLATKAARKSAPSTGGVKKPHRYRPGTVALRE,4555057.8125,0,False
K4me3K9acK23me2K27me,ARTKQTARKSTGGKAPRKQLATKAARKSAPSTGGVKKPHRYRPGTVALRE,898738.25,0,False
K4me3K9acK23acK27ac,ARTKQTARKSTGGKAPRKQLATKAARKSAPSTGGVKKPHRYRPGTVALRE,2660848.25,0,False
K4me3K9acK23me3,ARTKQTARKSTGGKAPRKQLATKAARKSAPATGGVKKPHRYRPGTVALRE,26135694.51563,0,False
K4me3K9acK23me2K27acK36me,ARTKQTARKSTGGKAPRKQLATKAARKSAPSTGGVKKPHRYRPGTVALRE,2105609.25,0,False
K14acK23acK27me2,ARTKQTARKSTGGKAPRKQLATKAARKSAPATGGVKKPHRYRPGTVALRE,1620547.375,0,False
K4me3K9me3K14acK18acK23ac,ARTKQTARKSTGGKAPRKQLATKAARKSAPATGGVKKPHRYRPGTVALRE,193670.25,0,False
K4me3K9acK23acK27me2,ARTKQTARKSTGGKAPRKQLATKAARKSAPSTGGVKKPHRYRPGTVALRE,624249.0,0,False
K4me3K9acK14me2K18acK23me2,ARTKQTARKSTGGKAPRKQLATKAARKSAPSTGGVKKPHRYRPGTVALRE,1704726.75,0,False
K27ac,ARTKQTARKSTGGKAPRKQLATKAARKSAPATGGVKKPHRYRPGTVALRE,52164028.93752,0,False
K4me3K9acK18me3K23acK27me,ARTKQTARKSTGGKAPRKQLATKAARKSAPATGGVKKPHRYRPGTVALRE,1714992.625,0,False
K4me3K9acK18acK23me2K27me2,ARTKQTARKSTGGKAPRKQLATKAARKSAPATGGVKKPHRYRPGTVALRE,1822875.5625,0,False
S10pK36me2K37me2,ARTKQTARKSTGGKAPRKQLATKAARKSAPSTGGVKKPHRYRPGTVALRE,2287853.875,0,False
K4me3K9acK23me2K27me2,ARTKQTARKSTGGKAPRKQLATKAARKSAPATGGVKKPHRYRPGTVALRE,291677.96875,0,False
K18acK23acK27me2,ARTKQTARKSTGGKAPRKQLATKAARKSAPATGGVKKPHRYRPGTVALRE,1271363.98438,0,False
K4me3K9me3K14acK18me3K23ac,ARTKQTARKSTGGKAPRKQLATKAARKSAPATGGVKKPHRYRPGTVALRE,393333.46875,0,False
K4me3K9ac,ARTKQTARKSTGGKAPRKQLATKAARKSAPATGGVKKPHRYRPGTVALRE,68705233.09375,0,False
K4me3K9acK23ac,ARTKQTARKSTGGKAPRKQLATKAARKSAPSTGGVKKPHRYRPGTVALRE,1224165.25,0,False
K4me3K9acS28p,ARTKQTARKSTGGKAPRKQLATKAARKSAPSTGGVKKPHRYRPGTVALRE,850750.375,0,False
K4me3K9me3K14acK23acK27me2,ARTKQTARKSTGGKAPRKQLATKAARKSAPSTGGVKKPHRYRPGTVALRE,325569.0,0,False
K9acK14me3,ARTKQTARKSTGGKAPRKQLATKAARKSAPSTGGVKKPHRYRPGTVALRE,800637.6875,0,False
K18acK23meK27me2,ARTKQTARKSTGGKAPRKQLATKAARKSAPSTGGVKKPHRYRPGTVALRE,2024031.75,0,False
K4me3K9me3K14acK18me2K23me2K27me2,ARTKQTARKSTGGKAPRKQLATKAARKSAPATGGVKKPHRYRPGTVALRE,523780.09375,0,False
K9meK14acK18meK23me2,ARTKQTARKSTGGKAPRKQLATKAARKSAPSTGGVKKPHRYRPGTVALRE,1266731.625,0,False
K18acK23me2K27me2,ARTKQTARKSTGGKAPRKQLATKAARKSAPSTGGVKKPHRYRPGTVALRE,437203.10938000004,0,False
K14acK18me2K23me2,ARTKQTARKSTGGKAPRKQLATKAARKSAPSTGGVKKPHRYRPGTVALRE,132931.48438,0,False
K4me3K9ac,ARTKQTARKSTGGKAPRKQLATKAARKSAPSTGGVKKPHRYRPGTVALRE,519237.09375,0,False
K14me3K18me2S28p,ARTKQTARKSTGGKAPRKQLATKAARKSAPATGGVKKPHRYRPGTVALRE,365955.65625,0,False
K4me3K9acK23me2,ARTKQTARKSTGGKAPRKQLATKAARKSAPATGGVKKPHRYRPGTVALRE,468085.8125,0,False
K4me3K9acK23meS28p,ARTKQTARKSTGGKAPRKQLATKAARKSAPATGGVKKPHRYRPGTVALRE,233575.53125,0,False
K9me3K14acK23me,ARTKQTARKSTGGKAPRKQLATKAARKSAPATGGVKKPHRYRPGTVALRE,266067.53125,0,False
K14acK27meS28p,ARTKQTARKSTGGKAPRKQLATKAARKSAPSTGGVKKPHRYRPGTVALRE,702739.1875,0,False
K27acK36me2K37me2,ARTKQTARKSTGGKAPRKQLATKAARKSAPSTGGVKKPHRYRPGTVALRE,959052.05469,0,False
K14acK23me,ARTKQTARKSTGGKAPRKQLATKAARKSAPSTGGVKKPHRYRPGTVALRE,592890.125,0,False
K14me3,ARTKQTARKSTGGKAPRKQLATKAARKSAPATGGVKKPHRYRPGTVALRE,9140993.531259999,0,False
K23me2K27me2S28p,ARTKQTARKSTGGKAPRKQLATKAARKSAPSTGGVKKPHRYRPGTVALRE,1235163.10938,0,False
S10pK14meK27ac,ARTKQTARKSTGGKAPRKQLATKAARKSAPATGGVKKPHRYRPGTVALRE,218704.95313,0,False
K27acK36acK37me2,ARTKQTARKSTGGKAPRKQLATKAARKSAPATGGVKKPHRYRPGTVALRE,255833.46875,0,False
S10pK14acK18me,ARTKQTARKSTGGKAPRKQLATKAARKSAPATGGVKKPHRYRPGTVALRE,423459.1875,0,False
K4me3K9acK14me3K27me2,ARTKQTARKSTGGKAPRKQLATKAARKSAPATGGVKKPHRYRPGTVALR,175675.0,0,False
K23me3K27me2S28p,ARTKQTARKSTGGKAPRKQLATKAARKSAPATGGVKKPHRYRPGTVALRE,99481.69531,0,False
K4me3K14meS28p,ARTKQTARKSTGGKAPRKQLATKAARKSAPATGGVKKPHRYRPGTVALRE,287424.4375,0,False
K14acK23acK27acK36acK37me2,ARTKQTARKSTGGKAPRKQLATKAARKSAPATGGVKKPHRYRPGTVALR,409014.02344,0,False
K23acK27me2S28p,ARTKQTARKSTGGKAPRKQLATKAARKSAPATGGVKKPHRYRPGTVALRE,52358.48828,0,False
K4me3K9acK23me,ARTKQTARKSTGGKAPRKQLATKAARKSAPSTGGVKKPHRYRPGTVALRE,726461.375,0,False
S10pK14me2K27me2,ARTKQTARKSTGGKAPRKQLATKAARKSAPATGGVKKPHRYRPGTVALRE,216343.92188,0,False
K14acK18acK23me,ARTKQTARKSTGGKAPRKQLATKAARKSAPSTGGVKKPHRYRPGTVALRE,376001.65625,0,False
K36me2K37me2,ARTKQTARKSTGGKAPRKQLATKAARKSAPSTGGVKKPHRYRPGTVALRE,6092302.125,0,False
K23me2K27me2,ARTKQTARKSTGGKAPRKQLATKAARKSAPSTGGVKKPHRYRPGTVALRE,965184.57813,0,False
K4me3K9acK23acK27acK36ac,ARTKQTARKSTGGKAPRKQLATKAARKSAPATGGVKKPHRYRPGTVALR,9578568.0,0,False
K4me3K9acK14me2K36ac,ARTKQTARKSTGGKAPRKQLATKAARKSAPATGGVKKPHRYRPGTVALR,162204.3125,0,False
K4me3K14meK18me,ARTKQTARKSTGGKAPRKQLATKAARKSAPSTGGVKKPHRYRPGTVALRE,14732051.0,0,False
S10pK18me,ARTKQTARKSTGGKAPRKQLATKAARKSAPATGGVKKPHRYRPGTVALRE,745290.6875,0,False
K9meS10p,ARTKQTARKSTGGKAPRKQLATKAARKSAPATGGVKKPHRYRPGTVALRE,386471.03126,0,False
S10pK14me,ARTKQTARKSTGGKAPRKQLATKAARKSAPATGGVKKPHRYRPGTVALRE,414040.26563,0,False
S10pK23me,ARTKQTARKSTGGKAPRKQLATKAARKSAPATGGVKKPHRYRPGTVALRE,951351.29102,0,False
S10pK27me,ARTKQTARKSTGGKAPRKQLATKAARKSAPATGGVKKPHRYRPGTVALRE,233111.17188,0,False
S10pK23me2K27me2K36acK37ac,ARTKQTARKSTGGKAPRKQLATKAARKSAPATGGVKKPHRYRPGTVALR,3177390.75,0,False
S10pK36me,ARTKQTARKSTGGKAPRKQLATKAARKSAPATGGVKKPHRYRPGTVALRE,61280.44531,0,False
K14ac,ARTKQTARKSTGGKAPRKQLATKAARKSAPSTGGVKKPHRYRPGTVALRE,1768525.8125300002,0,False
K18ac,ARTKQTARKSTGGKAPRKQLATKAARKSAPSTGGVKKPHRYRPGTVALRE,503274.87501,0,False
K23ac,ARTKQTARKSTGGKAPRKQLATKAARKSAPSTGGVKKPHRYRPGTVALRE,162330.29688,0,False
S10pK23meK27acK36me3K37me3,ARTKQTARKSTGGKAPRKQLATKAARKSAPATGGVKKPHRYRPGTVALR,2017804.5,0,False
K9me,ARTKQTARKSTGGKAPRKQLATKAARKSAPSTGGVKKPHRYRPGTVALRE,1645233.4375,0,False
K14me,ARTKQTARKSTGGKAPRKQLATKAARKSAPSTGGVKKPHRYRPGTVALRE,715129.17188,0,False
S10pK23me2K27me2K36me3K37ac,ARTKQTARKSTGGKAPRKQLATKAARKSAPATGGVKKPHRYRPGTVALR,2595065.0,0,False
K4me3K9acK27me2,ARTKQTARKSTGGKAPRKQLATKAARKSAPSTGGVKKPHRYRPGTVALRE,406251.15625,0,False
K4me3K9acK23me2,ARTKQTARKSTGGKAPRKQLATKAARKSAPSTGGVKKPHRYRPGTVALRE,233383.5625,0,False
K4me3K9acK27me2K36ac,ARTKQTARKSTGGKAPRKQLATKAARKSAPATGGVKKPHRYRPGTVALR,152498.70313,0,False
K14acK23me2S28pK36ac,ARTKQTARKSTGGKAPRKQLATKAARKSAPATGGVKKPHRYRPGTVALR,145097.67188,0,False
K4me3S10p,ARTKQTARKSTGGKAPRKQLATKAARKSAPATGGVKKPHRYRPGTVALRE,341378.75390999997,0,False
K9acK23me2S28pK36ac,ARTKQTARKSTGGKAPRKQLATKAARKSAPATGGVKKPHRYRPGTVALR,152548.95313,0,False
S10pK37me,ARTKQTARKSTGGKAPRKQLATKAARKSAPATGGVKKPHRYRPGTVALRE,37472.34375,0,False
K14acK23acS28pK36me2,ARTKQTARKSTGGKAPRKQLATKAARKSAPATGGVKKPHRYRPGTVALR,78535.29688,0,False
K18acK23acS28pK36me2,ARTKQTARKSTGGKAPRKQLATKAARKSAPATGGVKKPHRYRPGTVALR,153071.59375,0,False
K23me2K27me2,ARTKQTARKSTGGKAPRKQLATKAARKSAPATGGVKKPHRYRPGTVALRE,169285.50782,0,False
K9acK23acS28pK36me2,ARTKQTARKSTGGKAPRKQLATKAARKSAPATGGVKKPHRYRPGTVALR,150317.3125,0,False
S28pK36me,ARTKQTARKSTGGKAPRKQLATKAARKSAPATGGVKKPHRYRPGTVALRE,256140.62501000002,0,False
S10pK14me2,ARTKQTARKSTGGKAPRKQLATKAARKSAPSTGGVKKPHRYRPGTVALRE,319549.65625,0,False
K23meS28p,ARTKQTARKSTGGKAPRKQLATKAARKSAPATGGVKKPHRYRPGTVALRE,1865977.7343899999,0,False
K4me3S28p,ARTKQTARKSTGGKAPRKQLATKAARKSAPATGGVKKPHRYRPGTVALRE,475161.42189,0,False
K27me3,ARTKQTARKSTGGKAPRKQLATKAARKSAPATGGVKKPHRYRPGTVALRE,1082716.625,0,False
K18me3K23acK27acK36acK37me2,ARTKQTARKSTGGKAPRKQLATKAARKSAPATGGVKKPHRYRPGTVALR,350142.28125,0,False
K23me2,ARTKQTARKSTGGKAPRKQLATKAARKSAPATGGVKKPHRYRPGTVALRE,577417.64063,0,False
K9me2K14meS28p,ARTKQTARKSTGGKAPRKQLATKAARKSAPATGGVKKPHRYRPGTVALRE,30309.43945,0,False
K14acS28pK36acK37me2,ARTKQTARKSTGGKAPRKQLATKAARKSAPATGGVKKPHRYRPGTVALR,87416.14844,0,False
K23meK27me2,ARTKQTARKSTGGKAPRKQLATKAARKSAPATGGVKKPHRYRPGTVALRE,541748.41407,0,False
K14meK23me2,ARTKQTARKSTGGKAPRKQLATKAARKSAPSTGGVKKPHRYRPGTVALRE,98430.60938,0,False
K18acK23acK27ac,ARTKQTARKSTGGKAPRKQLATKAARKSAPATGGVKKPHRYRPGTVALRE,307225.65625,0,False
K27acK36acK37me,ARTKQTARKSTGGKAPRKQLATKAARKSAPSTGGVKKPHRYRPGTVALRE,145467.76563,0,False
K4me3K9acK23meK36ac,ARTKQTARKSTGGKAPRKQLATKAARKSAPATGGVKKPHRYRPGTVALR,49493.33984,0,False
K4me3K9acK18meK36ac,ARTKQTARKSTGGKAPRKQLATKAARKSAPATGGVKKPHRYRPGTVALR,76356.54688,0,False
K18meK23me2K27me2K36ac,ARTKQTARKSTGGKAPRKQLATKAARKSAPATGGVKKPHRYRPGTVALR,671762.4375,0,False
K23acK27me2K36ac,ARTKQTARKSTGGKAPRKQLATKAARKSAPATGGVKKPHRYRPGTVALR,317126.1875,0,False
K23acK27me2,ARTKQTARKSTGGKAPRKQLATKAARKSAPSTGGVKKPHRYRPGTVALRE,1495099.125,0,False
K14meS28p,ARTKQTARKSTGGKAPRKQLATKAARKSAPATGGVKKPHRYRPGTVALRE,184678.4375,0,False
K4me3K9acK14acS28pK36me2K37me2,ARTKQTARKSTGGKAPRKQLATKAARKSAPATGGVKKPHRYRPGTVALRE,270066.09375,0,False
K9meS10pK23meS28pS31p,ARTKQTARKSTGGKAPRKQLATKAARKSAPSTGGVKKPHRYRPGTVALRE,461072.53125,0,False
K23acK27meK36acK37me,ARTKQTARKSTGGKAPRKQLATKAARKSAPATGGVKKPHRYRPGTVALR,513309.625,0,False
K4me3K9acK14acK23acS28p,ARTKQTARKSTGGKAPRKQLATKAARKSAPSTGGVKKPHRYRPGTVALRE,1221830.0,0,False
K4me3K9me3K14me3K18acK23meK27me,ARTKQTARKSTGGKAPRKQLATKAARKSAPSTGGVKKPHRYRPGTVALRE,183681.07813,0,False
K4me3K23acK27me2K36me2K37me2,ARTKQTARKSTGGKAPRKQLATKAARKSAPSTGGVKKPHRYRPGTVALRE,2135104.46875,0,False
K9meK23acK27meK36meK37me2,ARTKQTARKSTGGKAPRKQLATKAARKSAPATGGVKKPHRYRPGTVALRE,575869.9375,0,False
K4me3K27acK36me2K37me2,ARTKQTARKSTGGKAPRKQLATKAARKSAPATGGVKKPHRYRPGTVALRE,1075365.4375,0,False
K4me3K23me3K36me2K37me2,ARTKQTARKSTGGKAPRKQLATKAARKSAPSTGGVKKPHRYRPGTVALRE,449150.71875,0,False
K4me3K23acK27me2K36me2,ARTKQTARKSTGGKAPRKQLATKAARKSAPSTGGVKKPHRYRPGTVALRE,1336712.25,0,False
K4me3K23acK36me2K37me2,ARTKQTARKSTGGKAPRKQLATKAARKSAPSTGGVKKPHRYRPGTVALRE,1622418.0,0,False
K4me3K9acK14me2K18me2K27ac,ARTKQTARKSTGGKAPRKQLATKAARKSAPATGGVKKPHRYRPGTVALRE,964352.5625,0,False
K9acS10pK27meS28p,ARTKQTARKSTGGKAPRKQLATKAARKSAPATGGVKKPHRYRPGTVALRE,840829.0,0,False
K4me3K9acK18acK23me2K27me2S28p,ARTKQTARKSTGGKAPRKQLATKAARKSAPATGGVKKPHRYRPGTVALRE,219154.28125,0,False
K4me3K23me3K27acK36me,ARTKQTARKSTGGKAPRKQLATKAARKSAPSTGGVKKPHRYRPGTVALRE,1227375.75,0,False
K14me3K23acK27me2,ARTKQTARKSTGGKAPRKQLATKAARKSAPATGGVKKPHRYRPGTVALRE,1805792.75,0,False
K9meK14me2K23acK27me2,ARTKQTARKSTGGKAPRKQLATKAARKSAPATGGVKKPHRYRPGTVALRE,2810930.5,0,False
K4meK27meK36me2K37me,ARTKQTARKSTGGKAPRKQLATKAARKSAPSTGGVKKPHRYRPGTVALRE,587310.9375,0,False
K4meK36me2K37me2,ARTKQTARKSTGGKAPRKQLATKAARKSAPSTGGVKKPHRYRPGTVALRE,2665033.0,0,False
K4me3K18acK23acK27ac,ARTKQTARKSTGGKAPRKQLATKAARKSAPSTGGVKKPHRYRPGTVALRE,1048050.625,0,False
K4me3K18me3K23acK27ac,ARTKQTARKSTGGKAPRKQLATKAARKSAPSTGGVKKPHRYRPGTVALRE,576727.375,0,False
K4me3K14me2K18acK23acK27ac,ARTKQTARKSTGGKAPRKQLATKAARKSAPSTGGVKKPHRYRPGTVALRE,450653.21875,0,False
K4meK9me2K36me2K37me2,ARTKQTARKSTGGKAPRKQLATKAARKSAPSTGGVKKPHRYRPGTVALRE,3667193.5,0,False
K4me3K18acK23meK27me2,ARTKQTARKSTGGKAPRKQLATKAARKSAPSTGGVKKPHRYRPGTVALRE,2474952.25,0,False
K4me3K18acK23ac,ARTKQTARKSTGGKAPRKQLATKAARKSAPSTGGVKKPHRYRPGTVALRE,2653314.75,0,False
K4me3K9me3K14acK23acK27acK36me2,ARTKQTARKSTGGKAPRKQLATKAARKSAPSTGGVKKPHRYRPGTVALRE,380205.125,0,False
K23acK27me2K36me2,ARTKQTARKSTGGKAPRKQLATKAARKSAPATGGVKKPHRYRPGTVALRE,176318.23438,0,False
K9meK14me2K23me2K27me2,ARTKQTARKSTGGKAPRKQLATKAARKSAPSTGGVKKPHRYRPGTVALRE,531548.1875,0,False
K9meK36me2K37me2,ARTKQTARKSTGGKAPRKQLATKAARKSAPSTGGVKKPHRYRPGTVALRE,1734458.125,0,False
K4me3K23acK27ac,ARTKQTARKSTGGKAPRKQLATKAARKSAPSTGGVKKPHRYRPGTVALRE,5669158.65625,0,False
K4me3K18acK23acK27me2K36me2,ARTKQTARKSTGGKAPRKQLATKAARKSAPATGGVKKPHRYRPGTVALRE,171036.17188,0,False
K27meK36acK37me,ARTKQTARKSTGGKAPRKQLATKAARKSAPATGGVKKPHRYRPGTVALRE,315859.0,0,False
K27acK36me2,ARTKQTARKSTGGKAPRKQLATKAARKSAPATGGVKKPHRYRPGTVALRE,291931.92188000004,0,False
K9meK14me2K18acK23me2,ARTKQTARKSTGGKAPRKQLATKAARKSAPATGGVKKPHRYRPGTVALRE,2559771.0,0,False
K27meK36meK37me2,ARTKQTARKSTGGKAPRKQLATKAARKSAPSTGGVKKPHRYRPGTVALRE,1424767.375,0,False
K14me3K18acK23acK27me,ARTKQTARKSTGGKAPRKQLATKAARKSAPSTGGVKKPHRYRPGTVALRE,504163.5625,0,False
K14me2K23me2K27me2,ARTKQTARKSTGGKAPRKQLATKAARKSAPSTGGVKKPHRYRPGTVALRE,939914.125,0,False
K23acK27ac,ARTKQTARKSTGGKAPRKQLATKAARKSAPSTGGVKKPHRYRPGTVALRE,1269880.125,0,False
K18acK23meK27me2K36acK37me2,ARTKQTARKSTGGKAPRKQLATKAARKSAPSTGGVKKPHRYRPGTVALRE,462298.75,0,False
K9meK18me2K23me2K27me2,ARTKQTARKSTGGKAPRKQLATKAARKSAPSTGGVKKPHRYRPGTVALRE,2489061.5,0,False
K4me3K23me3K27ac,ARTKQTARKSTGGKAPRKQLATKAARKSAPSTGGVKKPHRYRPGTVALRE,1971923.625,0,False
K4me3K23meK27me2,ARTKQTARKSTGGKAPRKQLATKAARKSAPATGGVKKPHRYRPGTVALRE,15891502.914069999,0,False
K4me3K23me3,ARTKQTARKSTGGKAPRKQLATKAARKSAPATGGVKKPHRYRPGTVALRE,16095006.32031,0,False
K23acK27me,ARTKQTARKSTGGKAPRKQLATKAARKSAPSTGGVKKPHRYRPGTVALRE,515289.90625,0,False
K14meK18me2K23acK27meK36me2K37me2,ARTKQTARKSTGGKAPRKQLATKAARKSAPSTGGVKKPHRYRPGTVALRE,244445.39063,0,False
K4me3K23meK27me2K36me2,ARTKQTARKSTGGKAPRKQLATKAARKSAPSTGGVKKPHRYRPGTVALRE,954966.6875,0,False
K14meK23acK27ac,ARTKQTARKSTGGKAPRKQLATKAARKSAPSTGGVKKPHRYRPGTVALRE,2980438.25,0,False
K18meK23acK27ac,ARTKQTARKSTGGKAPRKQLATKAARKSAPSTGGVKKPHRYRPGTVALRE,1989638.5,0,False
K9meK23acK27ac,ARTKQTARKSTGGKAPRKQLATKAARKSAPSTGGVKKPHRYRPGTVALRE,904888.0,0,False
K14me2K18meK23meK27me2,ARTKQTARKSTGGKAPRKQLATKAARKSAPSTGGVKKPHRYRPGTVALRE,2577521.25,0,False
K14me3K23acK27me2,ARTKQTARKSTGGKAPRKQLATKAARKSAPSTGGVKKPHRYRPGTVALRE,527932.9375,0,False
K14acK18acK23acK27me2,ARTKQTARKSTGGKAPRKQLATKAARKSAPSTGGVKKPHRYRPGTVALRE,420459.46875,0,False
S10pK18meK23meS28p,ARTKQTARKSTGGKAPRKQLATKAARKSAPATGGVKKPHRYRPGTVALRE,1237680.25,0,False
K14me3K23me,ARTKQTARKSTGGKAPRKQLATKAARKSAPATGGVKKPHRYRPGTVALRE,332269.84375,0,False
K23acK27me2,ARTKQTARKSTGGKAPRKQLATKAARKSAPATGGVKKPHRYRPGTVALRE,2881785.1406599996,0,False
K9me3K23acK27ac,ARTKQTARKSTGGKAPRKQLATKAARKSAPSTGGVKKPHRYRPGTVALRE,997447.6875,0,False
K4me3K23acK27me2,ARTKQTARKSTGGKAPRKQLATKAARKSAPSTGGVKKPHRYRPGTVALRE,437284.1875,0,False
K4me3K18acK23acK27me2,ARTKQTARKSTGGKAPRKQLATKAARKSAPSTGGVKKPHRYRPGTVALRE,230433.98438,0,False
K9me3K23meS28p,ARTKQTARKSTGGKAPRKQLATKAARKSAPSTGGVKKPHRYRPGTVALRE,123992.08594,0,False
K14meK27me,ARTKQTARKSTGGKAPRKQLATKAARKSAPATGGVKKPHRYRPGTVALRE,314696.4375,0,False
K9meK27me,ARTKQTARKSTGGKAPRKQLATKAARKSAPATGGVKKPHRYRPGTVALRE,453584.21875,0,False
K4me3K23meK27me2,ARTKQTARKSTGGKAPRKQLATKAARKSAPSTGGVKKPHRYRPGTVALRE,521376.84375,0,False
K9me3,ARTKQTARKSTGGKAPRKQLATKAARKSAPATGGVKKPHRYRPGTVALRE,3142182.75,0,False
K4me3K14me2K18me2K23me2K27me2,ARTKQTARKSTGGKAPRKQLATKAARKSAPATGGVKKPHRYRPGTVALRE,72977.65625,0,False
K4me3K23me2K27me,ARTKQTARKSTGGKAPRKQLATKAARKSAPATGGVKKPHRYRPGTVALRE,6458802.5,0,False
K9meK23me2K27me2,ARTKQTARKSTGGKAPRKQLATKAARKSAPATGGVKKPHRYRPGTVALRE,960285.1875,0,False
K14meK18me2K23me2,ARTKQTARKSTGGKAPRKQLATKAARKSAPATGGVKKPHRYRPGTVALRE,378369.73438000004,0,False
K4me3K23ac,ARTKQTARKSTGGKAPRKQLATKAARKSAPSTGGVKKPHRYRPGTVALRE,1620211.3125,0,False
K4meK9me2K23acK27me,ARTKQTARKSTGGKAPRKQLATKAARKSAPSTGGVKKPHRYRPGTVALRE,392260.6875,0,False
K36meK37me,ARTKQTARKSTGGKAPRKQLATKAARKSAPATGGVKKPHRYRPGTVALRE,591072.375,0,False
K14me3K23acK27acK36acK37me2,ARTKQTARKSTGGKAPRKQLATKAARKSAPATGGVKKPHRYRPGTVALR,152493.5,0,False
K14meK23acK27acK36me2K37me2,ARTKQTARKSTGGKAPRKQLATKAARKSAPATGGVKKPHRYRPGTVALR,242813.67188,0,False
K14meK18acK23acK27acK36me,ARTKQTARKSTGGKAPRKQLATKAARKSAPATGGVKKPHRYRPGTVALR,93583.20313,0,False
Unmodified,ARTKQTARKSTGGKAPRKQLATKAARKSAPATGGVKKPHRYRPGTVALRE,52927564.28713001,0,False
K4me3K23ac,ARTKQTARKSTGGKAPRKQLATKAARKSAPATGGVKKPHRYRPGTVALRE,3665467.50781,0,False
K14meK18meK23me2K27me2K36me3K37me2,ARTKQTARKSTGGKAPRKQLATKAARKSAPATGGVKKPHRYRPGTVALR,206514.55859,0,False
K9meK18acK23me2K27me2K36me3,ARTKQTARKSTGGKAPRKQLATKAARKSAPATGGVKKPHRYRPGTVALR,285262.8125,0,False
K14meK18me,ARTKQTARKSTGGKAPRKQLATKAARKSAPATGGVKKPHRYRPGTVALRE,1233610.0,0,False
K14me2K18me2K23me2K27me2,ARTKQTARKSTGGKAPRKQLATKAARKSAPATGGVKKPHRYRPGTVALR,270652.48438,0,False
K9meK14me2K18me2K36ac,ARTKQTARKSTGGKAPRKQLATKAARKSAPATGGVKKPHRYRPGTVALR,33794.49219,0,False
K14me2K18me,ARTKQTARKSTGGKAPRKQLATKAARKSAPATGGVKKPHRYRPGTVALRE,2714439.75,0,False
K23acK27acK36acK37me2,ARTKQTARKSTGGKAPRKQLATKAARKSAPATGGVKKPHRYRPGTVALR,265186.125,0,False
K23me2K27ac,ARTKQTARKSTGGKAPRKQLATKAARKSAPATGGVKKPHRYRPGTVALRE,98153.71875,0,False
K4me3K23acK27acK36acK37ac,ARTKQTARKSTGGKAPRKQLATKAARKSAPATGGVKKPHRYRPGTVALR,55494.875,0,False
K9meK14me3K18acK23acK27me,ARTKQTARKSTGGKAPRKQLATKAARKSAPATGGVKKPHRYRPGTVALR,111222.42188,0,False
K9meK14me2K23me,ARTKQTARKSTGGKAPRKQLATKAARKSAPSTGGVKKPHRYRPGTVALRE,418299.96875,0,False
K23me2K27meK36me2,ARTKQTARKSTGGKAPRKQLATKAARKSAPATGGVKKPHRYRPGTVALRE,132514.9375,0,False
K4me3K23me2,ARTKQTARKSTGGKAPRKQLATKAARKSAPSTGGVKKPHRYRPGTVALRE,327860.15625,0,False
K14meK18me2K23me2K27me2K36me3K37me,ARTKQTARKSTGGKAPRKQLATKAARKSAPATGGVKKPHRYRPGTVALR,19717.20508,0,False
K23meK27me2K36me2,ARTKQTARKSTGGKAPRKQLATKAARKSAPATGGVKKPHRYRPGTVALRE,55848.07031,0,False
K18me2K23ac,ARTKQTARKSTGGKAPRKQLATKAARKSAPATGGVKKPHRYRPGTVALRE,103570.20313,0,False
K27me3K36me2,ARTKQTARKSTGGKAPRKQLATKAARKSAPATGGVKKPHRYRPGTVALRE,146870.8125,0,False
K4me3K9acK23acK27acK36me2K37me2,ARTKQTARKSTGGKAPRKQLATKAARKSAPSTGGVKKPHRYRPGTVALRE,185804.15625,0,False
K23me2K27me,ARTKQTARKSTGGKAPRKQLATKAARKSAPATGGVKKPHRYRPGTVALRE,115500.60351999999,0,False
K23me2,ARTKQTARKSTGGKAPRKQLATKAARKSAPSTGGVKKPHRYRPGTVALRE,281211.65625,0,False
Unmodified,ARTKQTARKSTGGKAPRKQLATKAARKSAPSTGGVKKPHRYRPGTVALRE,205688.25,0,False
K4me3K9me3K14acK18me2K23acK27ac,ARTKQTARKSTGGKAPRKQLATKAARKSAPSTGGVKKPHRYRPGTVALRE,69033.98438,0,False
K4me3K9me3K14me3K18me3K23me3K27me2,ARTKQTARKSTGGKAPRKQLATKAARKSAPSTGGVKKPHRYRPGTVALRE,46585.83984,0,False
K4me3K9me3K14acK18me3K23acK27me2,ARTKQTARKSTGGKAPRKQLATKAARKSAPSTGGVKKPHRYRPGTVALRE,111116.49219,0,False
K4me3K9me3K14acK18me2K23meK27me2,ARTKQTARKSTGGKAPRKQLATKAARKSAPSTGGVKKPHRYRPGTVALRE,30639.53516,0,False
K4me3K9me3K14meK18acK23me2K27me2,ARTKQTARKSTGGKAPRKQLATKAARKSAPSTGGVKKPHRYRPGTVALRE,185012.21094,0,False
K9me3K14me3K18acK23meK27me2K36me2,ARTKQTARKSTGGKAPRKQLATKAARKSAPSTGGVKKPHRYRPGTVALRE,409262.15625,0,False
K9meK14meK18acK23acK27me2,ARTKQTARKSTGGKAPRKQLATKAARKSAPSTGGVKKPHRYRPGTVALRE,16878.97852,0,False
K9me3K14acK18me2K23acK27ac,ARTKQTARKSTGGKAPRKQLATKAARKSAPSTGGVKKPHRYRPGTVALRE,310163.53125,0,False
S10pK14meS28p,ARTKQTARKSTGGKAPRKQLATKAARKSAPATGGVKKPHRYRPGTVALRE,269215.34375,0,False
S10pK27meS28p,ARTKQTARKSTGGKAPRKQLATKAARKSAPATGGVKKPHRYRPGTVALRE,1417794.1875,0,False
K9meS10pS28p,ARTKQTARKSTGGKAPRKQLATKAARKSAPATGGVKKPHRYRPGTVALRE,1281412.01563,0,False
K9meK14me2K18me2K23me2K27me2K36me2,ARTKQTARKSTGGKAPRKQLATKAARKSAPATGGVKKPHRYRPGTVALRE,11751.93555,0,False
K9me3K14me3K18acK23acK27me2,ARTKQTARKSTGGKAPRKQLATKAARKSAPSTGGVKKPHRYRPGTVALRE,557878.35156,0,False
K9me3K14me3K18acK23me2K27ac,ARTKQTARKSTGGKAPRKQLATKAARKSAPSTGGVKKPHRYRPGTVALRE,90822.17188,0,False
K9me3K14acK18acK23me2K27ac,ARTKQTARKSTGGKAPRKQLATKAARKSAPSTGGVKKPHRYRPGTVALRE,105638.78711,0,False
K4meK18meK23me2K27meK36me2K37me2,ARTKQTARKSTGGKAPRKQLATKAARKSAPSTGGVKKPHRYRPGTVALRE,82605.875,0,False
K4meK18acK23acK27me2,ARTKQTARKSTGGKAPRKQLATKAARKSAPSTGGVKKPHRYRPGTVALRE,259216.02344000002,0,False
K9me3K18acK23acK27ac,ARTKQTARKSTGGKAPRKQLATKAARKSAPATGGVKKPHRYRPGTVALRE,13916.8252,0,False
K9acK14acK18acK23acK27me2,ARTKQTARKSTGGKAPRKQLATKAARKSAPSTGGVKKPHRYRPGTVALRE,113907.73438,0,False
K9me3K14me2K18acK23acK27ac,ARTKQTARKSTGGKAPRKQLATKAARKSAPSTGGVKKPHRYRPGTVALRE,139461.33203,0,False
K18acK23acK27ac,ARTKQTARKSTGGKAPRKQLATKAARKSAPSTGGVKKPHRYRPGTVALRE,173703.53125,0,False
K14meK18acK23acK27me2,ARTKQTARKSTGGKAPRKQLATKAARKSAPSTGGVKKPHRYRPGTVALRE,95873.60156,0,False
K18acK23acK27meK36me2K37me2,ARTKQTARKSTGGKAPRKQLATKAARKSAPSTGGVKKPHRYRPGTVALRE,336826.59375,0,False
K18me2K23acK27ac,ARTKQTARKSTGGKAPRKQLATKAARKSAPSTGGVKKPHRYRPGTVALRE,69946.24219,0,False
K9meK14me2K18me2K27me2K36me2,ARTKQTARKSTGGKAPRKQLATKAARKSAPSTGGVKKPHRYRPGTVALRE,70074.98438,0,False
K14me2K18me2K23me2K27me2,ARTKQTARKSTGGKAPRKQLATKAARKSAPSTGGVKKPHRYRPGTVALRE,89884.0,0,False
K9meS10pK14me2K23acK27acK36me2,ARTKQTARKSTGGKAPRKQLATKAARKSAPATGGVKKPHRYRPGTVALR,24941.56641,0,False
K14me3K18acK23acK27me2,ARTKQTARKSTGGKAPRKQLATKAARKSAPSTGGVKKPHRYRPGTVALRE,120668.8125,0,False
K9acS10pK14me2K18meK36acK37me2,ARTKQTARKSTGGKAPRKQLATKAARKSAPATGGVKKPHRYRPGTVALR,148631.65625,0,False
K9acS10pK14meK18me2K36acK37me2,ARTKQTARKSTGGKAPRKQLATKAARKSAPATGGVKKPHRYRPGTVALR,143757.67188,0,False
K9acS10pK18me3K36acK37me2,ARTKQTARKSTGGKAPRKQLATKAARKSAPATGGVKKPHRYRPGTVALR,131342.96875,0,False
K4acK9me2S10pK14meK23me2K27ac,ARTKQTARKSTGGKAPRKQLATKAARKSAPATGGVKKPHRYRPGTVALR,166082.04688,0,False
K9acS10pK14me2K18me2K23me2K27me2,ARTKQTARKSTGGKAPRKQLATKAARKSAPATGGVKKPHRYRPGTVALR,123816.1875,0,False
K9me3K14meK18acK23me3K27me2K36me2,ARTKQTARKSTGGKAPRKQLATKAARKSAPSTGGVKKPHRYRPGTVALRE,102287.09375,0,False
K4me3K9me3K14acK23me2K27me2K36me3,ARTKQTARKSTGGKAPRKQLATKAARKSAPSTGGVKKPHRYRPGTVALRE,70410.39063,0,False
K4me3K18meK23acK27acK36acK37ac,ARTKQTARKSTGGKAPRKQLATKAARKSAPSTGGVKKPHRYRPGTVALRE,172594.28125,0,False
K4me3K18acK23acK27acK36me2K37me2,ARTKQTARKSTGGKAPRKQLATKAARKSAPSTGGVKKPHRYRPGTVALRE,85270.82813,0,False
K4meK23acK27acK36me2K37me2,ARTKQTARKSTGGKAPRKQLATKAARKSAPSTGGVKKPHRYRPGTVALRE,14328.2832,0,False
K4meK18acK23me2K27meK36me2K37me2,ARTKQTARKSTGGKAPRKQLATKAARKSAPSTGGVKKPHRYRPGTVALRE,427321.5,0,False
K4meK18acK23meK27me2K36me2K37me2,ARTKQTARKSTGGKAPRKQLATKAARKSAPSTGGVKKPHRYRPGTVALRE,43734.57813,0,False
K4me3K18me2K23me2K27me3K36acK37ac,ARTKQTARKSTGGKAPRKQLATKAARKSAPSTGGVKKPHRYRPGTVALRE,222673.25,0,False
K4me3K18acK23me2K27meK36me2K37me2,ARTKQTARKSTGGKAPRKQLATKAARKSAPSTGGVKKPHRYRPGTVALRE,146105.3125,0,False
K4me3K18me2K23acK27meK36meK37me3,ARTKQTARKSTGGKAPRKQLATKAARKSAPSTGGVKKPHRYRPGTVALRE,339479.96875,0,False
K4meK18me2K23acK27meK36me2K37me2,ARTKQTARKSTGGKAPRKQLATKAARKSAPSTGGVKKPHRYRPGTVALRE,310354.6875,0,False
K4me3K14me3K18acK23acK27me2K36me2,ARTKQTARKSTGGKAPRKQLATKAARKSAPSTGGVKKPHRYRPGTVALRE,144014.90625,0,False
K9me3K23acK27me3K36me2K37me2,ARTKQTARKSTGGKAPRKQLATKAARKSAPSTGGVKKPHRYRPGTVALRE,605579.4375,0,False
K4me3K9me3K14me2K18meK23acK27me,ARTKQTARKSTGGKAPRKQLATKAARKSAPSTGGVKKPHRYRPGTVALRE,400801.0625,0,False
K4meK18me2K23acK27me2K36meK37me2,ARTKQTARKSTGGKAPRKQLATKAARKSAPSTGGVKKPHRYRPGTVALRE,656974.17188,0,False
K4me3K18me2K23acK27me3K36me2,ARTKQTARKSTGGKAPRKQLATKAARKSAPSTGGVKKPHRYRPGTVALRE,351750.28125,0,False
K9meK14acK18acK23meK27ac,ARTKQTARKSTGGKAPRKQLATKAARKSAPSTGGVKKPHRYRPGTVALRE,31669.19141,0,False
K18acK23acK36me2K37me2,ARTKQTARKSTGGKAPRKQLATKAARKSAPSTGGVKKPHRYRPGTVALRE,106065.90625,0,False
K23acK27acK36me2K37me2,ARTKQTARKSTGGKAPRKQLATKAARKSAPSTGGVKKPHRYRPGTVALRE,225880.57813,0,False
K9me3K23acK27acK36me2K37me2,ARTKQTARKSTGGKAPRKQLATKAARKSAPSTGGVKKPHRYRPGTVALRE,460662.34375,0,False
K4me3K23acK27acK36me2K37me2,ARTKQTARKSTGGKAPRKQLATKAARKSAPSTGGVKKPHRYRPGTVALRE,421948.35938000004,0,False
K4meK23me3K27acK36me2K37me2,ARTKQTARKSTGGKAPRKQLATKAARKSAPSTGGVKKPHRYRPGTVALRE,24122.93164,0,False
K18me2K23acK27acK36me2,ARTKQTARKSTGGKAPRKQLATKAARKSAPSTGGVKKPHRYRPGTVALRE,122640.21094,0,False
K9meK23me3K27acK36me2K37me2,ARTKQTARKSTGGKAPRKQLATKAARKSAPSTGGVKKPHRYRPGTVALRE,45029.41016,0,False
K9meK23acK27acK36me2K37me2,ARTKQTARKSTGGKAPRKQLATKAARKSAPSTGGVKKPHRYRPGTVALRE,26816.79492,0,False
K18meK23acK27acK36me2K37me2,ARTKQTARKSTGGKAPRKQLATKAARKSAPATGGVKKPHRYRPGTVALRE,101059.11719,0,False
K14meK23acK27acK36me2K37me2,ARTKQTARKSTGGKAPRKQLATKAARKSAPATGGVKKPHRYRPGTVALRE,1213431.9375,0,False
K4meS10pS28p,ARTKQTARKSTGGKAPRKQLATKAARKSAPATGGVKKPHRYRPGTVALRE,364857.15625,0,False
K4me3K27acS28pK36me,ARTKQTARKSTGGKAPRKQLATKAARKSAPATGGVKKPHRYRPGTVALRE,19549.73242,0,False
K14me3K23acK27me2K36me2K37me3,ARTKQTARKSTGGKAPRKQLATKAARKSAPSTGGVKKPHRYRPGTVALRE,79148.40625,0,False
K4me3K27me2S28pK36me2,ARTKQTARKSTGGKAPRKQLATKAARKSAPATGGVKKPHRYRPGTVALRE,154880.625,0,False
K23meK27me2S28pK36acK37me,ARTKQTARKSTGGKAPRKQLATKAARKSAPATGGVKKPHRYRPGTVALRE,19265.68945,0,False
K18acK23acK27me2K36me3,ARTKQTARKSTGGKAPRKQLATKAARKSAPATGGVKKPHRYRPGTVALRE,526531.4375,0,False
K4meK14acK18acK23me2K27me2,ARTKQTARKSTGGKAPRKQLATKAARKSAPSTGGVKKPHRYRPGTVALRE,140905.42188,0,False
K14me3S28pK36me3,ARTKQTARKSTGGKAPRKQLATKAARKSAPSTGGVKKPHRYRPGTVALRE,127117.55469,0,False
K14acK18acK23meK27me3K36me,ARTKQTARKSTGGKAPRKQLATKAARKSAPATGGVKKPHRYRPGTVALRE,377796.5625,0,False
K14me3K18me2K23me2S28p,ARTKQTARKSTGGKAPRKQLATKAARKSAPATGGVKKPHRYRPGTVALRE,66923.23438,0,False
K9acS10pK14meK36me2,ARTKQTARKSTGGKAPRKQLATKAARKSAPSTGGVKKPHRYRPGTVALRE,26015.22266,0,False
S1pK5acK12acK16ac,SGRGKGGKGLGKGGAKR,2522042.0918,0,False
S1pK8acK12acK16me3,SGRGKGGKGLGKGGAKR,457225.21875,0,False
K9meK14acK18acK23acK27me2,ARTKQTARKSTGGKAPRKQLATKAARKSAPATGGVKKPHRYRPGTVALRE,17536.80078,0,False
K5me2K16ac,SGRGKGGKGLGKGGAKRH,1407073.63136,0,False
K8me2K16ac,SGRGKGGKGLGKGGAKRH,455680.90625,0,False
K12me2K16ac,SGRGKGGKGLGKGGAKRH,263984.625,0,False
S1pK5acK8acK12me2K16me,SGRGKGGKGLGKGGAKR,638215.25,0,False
S1pK8me3K12acK16ac,SGRGKGGKGLGKGGAKR,499839.40625,0,False
K5me3K8me2,SGRGKGGKGLGKGGAKRH,1411681.375,0,False
K5me2K8me3K12me,SGRGKGGKGLGK,909759.6875,0,False
K5me2K8me2K12me,SGRGKGGKGLGKGGAKRH,1369370.0625,0,False
K5meK8me2K12me3,SGRGKGGKGLGK,838477.3945299999,0,False
S1pK8me3K12me3K16me3,SGRGKGGKGLGKGGAKR,2885993.77735,0,False
S1pK5me2K8me2K12me2K16me3,SGRGKGGKGLGKGGAKR,35319.83203,0,False
S1pK5meK8acK12me2K16ac,SGRGKGGKGLGKGGAKR,444473.90625,0,False
K4me2K9me3K14acK18me3K23me2K27me2,ARTKQTARKSTGGKAPRKQLATKAARKSAPSTGGVKKPHRYRPGTVALRE,99829.44531,0,False
K4acK9meS10pK14acK18me,ARTKQTARKSTGGKAPRKQLATKAARKSAPSTGGVKKPHRYRPGTVALRE,447373.625,0,False
K4me2K9me3K23meK27me2K36me3K37ac,ARTKQTARKSTGGKAPRKQLATKAARKSAPSTGGVKKPHRYRPGTVALRE,84219.625,0,False
K9me2K14me2K18me3K23me2K27me,ARTKQTARKSTGGKAPRKQLATKAARKSAPSTG,44010.085450000006,0,False
K4me3K9me2K14me2K18meK23me2,ARTKQTARKSTGGKAPRKQLATKAARKSAPSTG,11564.72949,0,False
K5me2K12me3,SGRGKGGKGLGKGGAKRH,35087.85938,0,False
K5acK8me2K12me,SGRGKGGKGLGK,1192457.375,0,False
